"0","let <- c(grade>=60) "
"0","let"
"1","   [1]"
"1","  TRUE"
"1","  TRUE"
"1","  TRUE"
"1","  TRUE"
"1","  TRUE"
"1","  TRUE"
"1","  TRUE"
"1","  TRUE"
"1","  TRUE"
"1","  TRUE"
"1","  TRUE"
"1","  TRUE"
"1","  TRUE"
"1","
"
"1","  [14]"
"1","  TRUE"
"1","  TRUE"
"1","  TRUE"
"1","  TRUE"
"1","  TRUE"
"1","  TRUE"
"1","  TRUE"
"1","  TRUE"
"1","  TRUE"
"1","  TRUE"
"1","  TRUE"
"1","  TRUE"
"1","  TRUE"
"1","
"
"1","  [27]"
"1","  TRUE"
"1","  TRUE"
"1","  TRUE"
"1","  TRUE"
"1","  TRUE"
"1","  TRUE"
"1","  TRUE"
"1","  TRUE"
"1","  TRUE"
"1","  TRUE"
"1","  TRUE"
"1","  TRUE"
"1","  TRUE"
"1","
"
"1","  [40]"
"1","  TRUE"
"1","  TRUE"
"1","  TRUE"
"1","  TRUE"
"1","  TRUE"
"1","  TRUE"
"1","  TRUE"
"1","  TRUE"
"1","  TRUE"
"1","  TRUE"
"1","  TRUE"
"1","  TRUE"
"1","  TRUE"
"1","
"
"1","  [53]"
"1","  TRUE"
"1","  TRUE"
"1","  TRUE"
"1","  TRUE"
"1","  TRUE"
"1","  TRUE"
"1","  TRUE"
"1","  TRUE"
"1","  TRUE"
"1","  TRUE"
"1","  TRUE"
"1","  TRUE"
"1","  TRUE"
"1","
"
"1","  [66]"
"1","  TRUE"
"1","  TRUE"
"1","  TRUE"
"1","  TRUE"
"1","  TRUE"
"1","  TRUE"
"1","  TRUE"
"1","  TRUE"
"1","  TRUE"
"1","  TRUE"
"1","  TRUE"
"1","  TRUE"
"1","  TRUE"
"1","
"
"1","  [79]"
"1","  TRUE"
"1","  TRUE"
"1","  TRUE"
"1","  TRUE"
"1","  TRUE"
"1","  TRUE"
"1","  TRUE"
"1","  TRUE"
"1","  TRUE"
"1","  TRUE"
"1","  TRUE"
"1","  TRUE"
"1","  TRUE"
"1","
"
"1","  [92]"
"1","  TRUE"
"1","  TRUE"
"1","  TRUE"
"1","  TRUE"
"1","  TRUE"
"1","  TRUE"
"1","  TRUE"
"1","  TRUE"
"1","  TRUE"
"1","  TRUE"
"1","  TRUE"
"1","  TRUE"
"1","  TRUE"
"1","
"
"1"," [105]"
"1","  TRUE"
"1","  TRUE"
"1","  TRUE"
"1","  TRUE"
"1","  TRUE"
"1","  TRUE"
"1","  TRUE"
"1","  TRUE"
"1","  TRUE"
"1","  TRUE"
"1","  TRUE"
"1","  TRUE"
"1"," FALSE"
"1","
"
"1"," [118]"
"1"," FALSE"
"1","  TRUE"
"1","  TRUE"
"1","  TRUE"
"1","  TRUE"
"1","  TRUE"
"1","  TRUE"
"1"," FALSE"
"1","  TRUE"
"1","  TRUE"
"1","  TRUE"
"1","  TRUE"
"1","  TRUE"
"1","
"
"1"," [131]"
"1"," FALSE"
"1"," FALSE"
"1","  TRUE"
"1","  TRUE"
"1","  TRUE"
"1"," FALSE"
"1","  TRUE"
"1"," FALSE"
"1","  TRUE"
"1","  TRUE"
"1","  TRUE"
"1","  TRUE"
"1","  TRUE"
"1","
"
"1"," [144]"
"1","  TRUE"
"1","  TRUE"
"1","  TRUE"
"1","  TRUE"
"1","  TRUE"
"1","  TRUE"
"1","  TRUE"
"1","  TRUE"
"1","  TRUE"
"1","  TRUE"
"1","  TRUE"
"1","  TRUE"
"1","  TRUE"
"1","
"
"1"," [157]"
"1","  TRUE"
"1","  TRUE"
"1"," FALSE"
"1","  TRUE"
"1","  TRUE"
"1","  TRUE"
"1"," FALSE"
"1","  TRUE"
"1","  TRUE"
"1","  TRUE"
"1","  TRUE"
"1","  TRUE"
"1","  TRUE"
"1","
"
"1"," [170]"
"1","  TRUE"
"1","  TRUE"
"1","  TRUE"
"1"," FALSE"
"1","  TRUE"
"1","  TRUE"
"1","  TRUE"
"1","  TRUE"
"1","  TRUE"
"1","  TRUE"
"1","  TRUE"
"1","  TRUE"
"1","  TRUE"
"1","
"
"1"," [183]"
"1","  TRUE"
"1","  TRUE"
"1","  TRUE"
"1","  TRUE"
"1","  TRUE"
"1","  TRUE"
"1","  TRUE"
"1","  TRUE"
"1","  TRUE"
"1","  TRUE"
"1","  TRUE"
"1","  TRUE"
"1","  TRUE"
"1","
"
"1"," [196]"
"1","  TRUE"
"1","  TRUE"
"1","  TRUE"
"1","  TRUE"
"1","  TRUE"
"1","  TRUE"
"1","  TRUE"
"1","  TRUE"
"1","  TRUE"
"1","  TRUE"
"1","  TRUE"
"1","  TRUE"
"1","  TRUE"
"1","
"
"1"," [209]"
"1","  TRUE"
"1","  TRUE"
"1","  TRUE"
"1","  TRUE"
"1","  TRUE"
"1","  TRUE"
"1","  TRUE"
"1","  TRUE"
"1"," FALSE"
"1","  TRUE"
"1","  TRUE"
"1","  TRUE"
"1","  TRUE"
"1","
"
"1"," [222]"
"1","  TRUE"
"1","  TRUE"
"1","  TRUE"
"1","  TRUE"
"1","  TRUE"
"1","  TRUE"
"1","  TRUE"
"1","  TRUE"
"1","  TRUE"
"1","  TRUE"
"1","  TRUE"
"1","  TRUE"
"1","  TRUE"
"1","
"
"1"," [235]"
"1","  TRUE"
"1","  TRUE"
"1","  TRUE"
"1","  TRUE"
"1","  TRUE"
"1","  TRUE"
"1","  TRUE"
"1","  TRUE"
"1","  TRUE"
"1","  TRUE"
"1","  TRUE"
"1","  TRUE"
"1","  TRUE"
"1","
"
"1"," [248]"
"1","  TRUE"
"1","  TRUE"
"1","  TRUE"
"1","  TRUE"
"1","  TRUE"
"1","  TRUE"
"1","  TRUE"
"1","  TRUE"
"1","  TRUE"
"1","  TRUE"
"1","  TRUE"
"1","  TRUE"
"1","  TRUE"
"1","
"
"1"," [261]"
"1","  TRUE"
"1","  TRUE"
"1","  TRUE"
"1","  TRUE"
"1","  TRUE"
"1","  TRUE"
"1","  TRUE"
"1","  TRUE"
"1","  TRUE"
"1","  TRUE"
"1","  TRUE"
"1","  TRUE"
"1","  TRUE"
"1","
"
"1"," [274]"
"1","  TRUE"
"1","  TRUE"
"1","  TRUE"
"1","  TRUE"
"1","  TRUE"
"1","  TRUE"
"1","  TRUE"
"1","  TRUE"
"1","  TRUE"
"1","  TRUE"
"1","  TRUE"
"1","  TRUE"
"1","  TRUE"
"1","
"
"1"," [287]"
"1","  TRUE"
"1","  TRUE"
"1","  TRUE"
"1","  TRUE"
"1","  TRUE"
"1","  TRUE"
"1","  TRUE"
"1","  TRUE"
"1","  TRUE"
"1"," FALSE"
"1","  TRUE"
"1","  TRUE"
"1","  TRUE"
"1","
"
"1"," [300]"
"1","  TRUE"
"1","  TRUE"
"1","  TRUE"
"1","  TRUE"
"1","  TRUE"
"1","  TRUE"
"1","  TRUE"
"1","  TRUE"
"1"," FALSE"
"1","  TRUE"
"1","  TRUE"
"1","  TRUE"
"1","  TRUE"
"1","
"
"1"," [313]"
"1","  TRUE"
"1","  TRUE"
"1","  TRUE"
"1","  TRUE"
"1","  TRUE"
"1","  TRUE"
"1","  TRUE"
"1","  TRUE"
"1","  TRUE"
"1","  TRUE"
"1","  TRUE"
"1","  TRUE"
"1","  TRUE"
"1","
"
"1"," [326]"
"1","  TRUE"
"1","  TRUE"
"1","  TRUE"
"1","  TRUE"
"1","  TRUE"
"1","  TRUE"
"1","  TRUE"
"1","  TRUE"
"1","  TRUE"
"1","  TRUE"
"1","  TRUE"
"1","  TRUE"
"1","  TRUE"
"1","
"
"1"," [339]"
"1","  TRUE"
"1","  TRUE"
"1","  TRUE"
"1","  TRUE"
"1","  TRUE"
"1","  TRUE"
"1","  TRUE"
"1","  TRUE"
"1","  TRUE"
"1","  TRUE"
"1","  TRUE"
"1","  TRUE"
"1","  TRUE"
"1","
"
"1"," [352]"
"1","  TRUE"
"1","  TRUE"
"1","  TRUE"
"1","  TRUE"
"1","  TRUE"
"1","  TRUE"
"1","  TRUE"
"1","  TRUE"
"1","  TRUE"
"1","  TRUE"
"1","  TRUE"
"1","  TRUE"
"1","  TRUE"
"1","
"
"1"," [365]"
"1","  TRUE"
"1","  TRUE"
"1","  TRUE"
"1","  TRUE"
"1","  TRUE"
"1","  TRUE"
"1","  TRUE"
"1","  TRUE"
"1","  TRUE"
"1","  TRUE"
"1","  TRUE"
"1","  TRUE"
"1","  TRUE"
"1","
"
"1"," [378]"
"1","  TRUE"
"1","  TRUE"
"1","  TRUE"
"1","  TRUE"
"1","  TRUE"
"1","  TRUE"
"1","  TRUE"
"1","  TRUE"
"1","  TRUE"
"1","  TRUE"
"1","  TRUE"
"1","  TRUE"
"1"," FALSE"
"1","
"
"1"," [391]"
"1","  TRUE"
"1"," FALSE"
"1","  TRUE"
"1","  TRUE"
"1","  TRUE"
"1","  TRUE"
"1","  TRUE"
"1","  TRUE"
"1","  TRUE"
"1","  TRUE"
"1","  TRUE"
"1","  TRUE"
"1","  TRUE"
"1","
"
"1"," [404]"
"1","  TRUE"
"1","  TRUE"
"1","  TRUE"
"1"," FALSE"
"1","  TRUE"
"1","  TRUE"
"1","  TRUE"
"1","  TRUE"
"1","  TRUE"
"1","  TRUE"
"1","  TRUE"
"1","  TRUE"
"1","  TRUE"
"1","
"
"1"," [417]"
"1","  TRUE"
"1","  TRUE"
"1","  TRUE"
"1","  TRUE"
"1","  TRUE"
"1","  TRUE"
"1","  TRUE"
"1","  TRUE"
"1","  TRUE"
"1","  TRUE"
"1","  TRUE"
"1","  TRUE"
"1","  TRUE"
"1","
"
"1"," [430]"
"1","  TRUE"
"1","  TRUE"
"1","  TRUE"
"1","  TRUE"
"1","  TRUE"
"1","  TRUE"
"1","  TRUE"
"1","  TRUE"
"1","  TRUE"
"1"," FALSE"
"1","  TRUE"
"1","  TRUE"
"1","  TRUE"
"1","
"
"1"," [443]"
"1","  TRUE"
"1","  TRUE"
"1","  TRUE"
"1","  TRUE"
"1","  TRUE"
"1","  TRUE"
"1","  TRUE"
"1","  TRUE"
"1","  TRUE"
"1","  TRUE"
"1","  TRUE"
"1","  TRUE"
"1","  TRUE"
"1","
"
"1"," [456]"
"1","  TRUE"
"1","  TRUE"
"1","  TRUE"
"1","  TRUE"
"1","  TRUE"
"1","  TRUE"
"1","  TRUE"
"1","  TRUE"
"1","  TRUE"
"1","  TRUE"
"1","  TRUE"
"1","  TRUE"
"1","  TRUE"
"1","
"
"1"," [469]"
"1","  TRUE"
"1","  TRUE"
"1","  TRUE"
"1","  TRUE"
"1","  TRUE"
"1","  TRUE"
"1","  TRUE"
"1","  TRUE"
"1","  TRUE"
"1","  TRUE"
"1","  TRUE"
"1","  TRUE"
"1","  TRUE"
"1","
"
"1"," [482]"
"1","  TRUE"
"1","  TRUE"
"1","  TRUE"
"1","  TRUE"
"1","  TRUE"
"1","  TRUE"
"1","  TRUE"
"1","  TRUE"
"1","  TRUE"
"1"," FALSE"
"1","  TRUE"
"1","  TRUE"
"1","  TRUE"
"1","
"
"1"," [495]"
"1","  TRUE"
"1","  TRUE"
"1","  TRUE"
"1","  TRUE"
"1","  TRUE"
"1","  TRUE"
"1"," FALSE"
"1","  TRUE"
"1","  TRUE"
"1","  TRUE"
"1","  TRUE"
"1","  TRUE"
"1","  TRUE"
"1","
"
"1"," [508]"
"1","  TRUE"
"1","  TRUE"
"1","  TRUE"
"1","  TRUE"
"1","  TRUE"
"1","  TRUE"
"1","  TRUE"
"1","  TRUE"
"1","  TRUE"
"1","  TRUE"
"1","  TRUE"
"1","  TRUE"
"1","  TRUE"
"1","
"
"1"," [521]"
"1","  TRUE"
"1","  TRUE"
"1","  TRUE"
"1","  TRUE"
"1","  TRUE"
"1","  TRUE"
"1","  TRUE"
"1","  TRUE"
"1","  TRUE"
"1","  TRUE"
"1","  TRUE"
"1","  TRUE"
"1","  TRUE"
"1","
"
"1"," [534]"
"1","  TRUE"
"1","  TRUE"
"1","  TRUE"
"1"," FALSE"
"1"," FALSE"
"1","  TRUE"
"1","  TRUE"
"1","  TRUE"
"1","  TRUE"
"1","  TRUE"
"1","  TRUE"
"1","  TRUE"
"1","  TRUE"
"1","
"
"1"," [547]"
"1","  TRUE"
"1","  TRUE"
"1","  TRUE"
"1","  TRUE"
"1","  TRUE"
"1","  TRUE"
"1","  TRUE"
"1","  TRUE"
"1","  TRUE"
"1","  TRUE"
"1","  TRUE"
"1"," FALSE"
"1","  TRUE"
"1","
"
"1"," [560]"
"1","  TRUE"
"1","  TRUE"
"1","  TRUE"
"1","  TRUE"
"1","  TRUE"
"1","  TRUE"
"1","  TRUE"
"1","  TRUE"
"1","  TRUE"
"1","  TRUE"
"1"," FALSE"
"1","  TRUE"
"1","  TRUE"
"1","
"
"1"," [573]"
"1","  TRUE"
"1","  TRUE"
"1","  TRUE"
"1","  TRUE"
"1","  TRUE"
"1","  TRUE"
"1","  TRUE"
"1","  TRUE"
"1","  TRUE"
"1","  TRUE"
"1","  TRUE"
"1","  TRUE"
"1","  TRUE"
"1","
"
"1"," [586]"
"1","  TRUE"
"1","  TRUE"
"1","  TRUE"
"1","  TRUE"
"1","  TRUE"
"1","  TRUE"
"1","  TRUE"
"1","  TRUE"
"1","  TRUE"
"1","  TRUE"
"1","  TRUE"
"1","  TRUE"
"1","  TRUE"
"1","
"
"1"," [599]"
"1","  TRUE"
"1","  TRUE"
"1","  TRUE"
"1","  TRUE"
"1","  TRUE"
"1","  TRUE"
"1","  TRUE"
"1","  TRUE"
"1","  TRUE"
"1","  TRUE"
"1","  TRUE"
"1","  TRUE"
"1","  TRUE"
"1","
"
"1"," [612]"
"1","  TRUE"
"1","  TRUE"
"1","  TRUE"
"1","  TRUE"
"1","  TRUE"
"1","  TRUE"
"1","  TRUE"
"1","  TRUE"
"1","  TRUE"
"1","  TRUE"
"1","  TRUE"
"1","  TRUE"
"1","  TRUE"
"1","
"
"1"," [625]"
"1","  TRUE"
"1","  TRUE"
"1","  TRUE"
"1","  TRUE"
"1","  TRUE"
"1","  TRUE"
"1","  TRUE"
"1","  TRUE"
"1","  TRUE"
"1","  TRUE"
"1","  TRUE"
"1","  TRUE"
"1","  TRUE"
"1","
"
"1"," [638]"
"1","  TRUE"
"1","  TRUE"
"1","  TRUE"
"1","  TRUE"
"1","  TRUE"
"1","  TRUE"
"1","  TRUE"
"1","  TRUE"
"1","  TRUE"
"1","  TRUE"
"1","  TRUE"
"1","  TRUE"
"1","  TRUE"
"1","
"
"1"," [651]"
"1","  TRUE"
"1","  TRUE"
"1","  TRUE"
"1","  TRUE"
"1","  TRUE"
"1","  TRUE"
"1","  TRUE"
"1","  TRUE"
"1","  TRUE"
"1","  TRUE"
"1","  TRUE"
"1","  TRUE"
"1","  TRUE"
"1","
"
"1"," [664]"
"1","  TRUE"
"1","  TRUE"
"1","  TRUE"
"1","  TRUE"
"1","  TRUE"
"1","  TRUE"
"1","  TRUE"
"1","  TRUE"
"1","  TRUE"
"1","  TRUE"
"1","  TRUE"
"1","  TRUE"
"1"," FALSE"
"1","
"
"1"," [677]"
"1","  TRUE"
"1","  TRUE"
"1","  TRUE"
"1","  TRUE"
"1","  TRUE"
"1","  TRUE"
"1","  TRUE"
"1","  TRUE"
"1","  TRUE"
"1","  TRUE"
"1","  TRUE"
"1","  TRUE"
"1","  TRUE"
"1","
"
"1"," [690]"
"1","  TRUE"
"1","  TRUE"
"1","  TRUE"
"1"," FALSE"
"1","  TRUE"
"1","  TRUE"
"1","  TRUE"
"1"," FALSE"
"1","  TRUE"
"1","  TRUE"
"1","  TRUE"
"1","  TRUE"
"1","  TRUE"
"1","
"
"1"," [703]"
"1","  TRUE"
"1","  TRUE"
"1"," FALSE"
"1","  TRUE"
"1","  TRUE"
"1","  TRUE"
"1","  TRUE"
"1","  TRUE"
"1","  TRUE"
"1","  TRUE"
"1","  TRUE"
"1","  TRUE"
"1","  TRUE"
"1","
"
"1"," [716]"
"1","  TRUE"
"1","  TRUE"
"1","  TRUE"
"1","  TRUE"
"1","  TRUE"
"1","  TRUE"
"1","  TRUE"
"1","  TRUE"
"1","  TRUE"
"1"," FALSE"
"1","  TRUE"
"1","  TRUE"
"1","  TRUE"
"1","
"
"1"," [729]"
"1","  TRUE"
"1","  TRUE"
"1","  TRUE"
"1","  TRUE"
"1","  TRUE"
"1","  TRUE"
"1","  TRUE"
"1","  TRUE"
"1","  TRUE"
"1","  TRUE"
"1","  TRUE"
"1","  TRUE"
"1","  TRUE"
"1","
"
"1"," [742]"
"1","  TRUE"
"1","  TRUE"
"1","  TRUE"
"1","  TRUE"
"1","  TRUE"
"1","  TRUE"
"1","  TRUE"
"1","  TRUE"
"1","  TRUE"
"1","  TRUE"
"1","  TRUE"
"1"," FALSE"
"1","  TRUE"
"1","
"
"1"," [755]"
"1","  TRUE"
"1","  TRUE"
"1","  TRUE"
"1","  TRUE"
"1","  TRUE"
"1","  TRUE"
"1","  TRUE"
"1","  TRUE"
"1","  TRUE"
"1","  TRUE"
"1","  TRUE"
"1","  TRUE"
"1","  TRUE"
"1","
"
"1"," [768]"
"1","  TRUE"
"1","  TRUE"
"1","  TRUE"
"1","  TRUE"
"1","  TRUE"
"1","  TRUE"
"1","  TRUE"
"1","  TRUE"
"1","  TRUE"
"1","  TRUE"
"1","  TRUE"
"1","  TRUE"
"1","  TRUE"
"1","
"
"1"," [781]"
"1","  TRUE"
"1","  TRUE"
"1","  TRUE"
"1","  TRUE"
"1","  TRUE"
"1","  TRUE"
"1","  TRUE"
"1","  TRUE"
"1","  TRUE"
"1","  TRUE"
"1","  TRUE"
"1","  TRUE"
"1","  TRUE"
"1","
"
"1"," [794]"
"1","  TRUE"
"1","  TRUE"
"1","  TRUE"
"1","  TRUE"
"1","  TRUE"
"1","  TRUE"
"1","  TRUE"
"1","  TRUE"
"1","  TRUE"
"1","  TRUE"
"1","  TRUE"
"1","  TRUE"
"1","  TRUE"
"1","
"
"1"," [807]"
"1","  TRUE"
"1","  TRUE"
"1","  TRUE"
"1","  TRUE"
"1","  TRUE"
"1","  TRUE"
"1","  TRUE"
"1","  TRUE"
"1","  TRUE"
"1","  TRUE"
"1","  TRUE"
"1","  TRUE"
"1","  TRUE"
"1","
"
"1"," [820]"
"1","  TRUE"
"1","  TRUE"
"1","  TRUE"
"1","  TRUE"
"1","  TRUE"
"1","  TRUE"
"1","  TRUE"
"1","  TRUE"
"1","  TRUE"
"1","  TRUE"
"1","  TRUE"
"1","  TRUE"
"1","  TRUE"
"1","
"
"1"," [833]"
"1","  TRUE"
"1","  TRUE"
"1","  TRUE"
"1","  TRUE"
"1","  TRUE"
"1","  TRUE"
"1","  TRUE"
"1","  TRUE"
"1","  TRUE"
"1","  TRUE"
"1","  TRUE"
"1","  TRUE"
"1","  TRUE"
"1","
"
"1"," [846]"
"1","  TRUE"
"1","  TRUE"
"1","  TRUE"
"1","  TRUE"
"1","  TRUE"
"1","  TRUE"
"1","  TRUE"
"1","  TRUE"
"1","  TRUE"
"1","  TRUE"
"1","  TRUE"
"1","  TRUE"
"1","  TRUE"
"1","
"
"1"," [859]"
"1","  TRUE"
"1","  TRUE"
"1","  TRUE"
"1","  TRUE"
"1","  TRUE"
"1","  TRUE"
"1","  TRUE"
"1","  TRUE"
"1","  TRUE"
"1","  TRUE"
"1","  TRUE"
"1","  TRUE"
"1","  TRUE"
"1","
"
"1"," [872]"
"1","  TRUE"
"1","  TRUE"
"1","  TRUE"
"1","  TRUE"
"1","  TRUE"
"1","  TRUE"
"1","  TRUE"
"1","  TRUE"
"1","  TRUE"
"1","  TRUE"
"1","  TRUE"
"1","  TRUE"
"1","  TRUE"
"1","
"
"1"," [885]"
"1","  TRUE"
"1","  TRUE"
"1","  TRUE"
"1","  TRUE"
"1","  TRUE"
"1","  TRUE"
"1","  TRUE"
"1","  TRUE"
"1","  TRUE"
"1","  TRUE"
"1","  TRUE"
"1"," FALSE"
"1","  TRUE"
"1","
"
"1"," [898]"
"1","  TRUE"
"1","  TRUE"
"1"," FALSE"
"1","  TRUE"
"1","  TRUE"
"1","  TRUE"
"1","  TRUE"
"1","  TRUE"
"1","  TRUE"
"1"," FALSE"
"1","  TRUE"
"1","  TRUE"
"1","  TRUE"
"1","
"
"1"," [911]"
"1","  TRUE"
"1","  TRUE"
"1","  TRUE"
"1","  TRUE"
"1","  TRUE"
"1","  TRUE"
"1","  TRUE"
"1","  TRUE"
"1","  TRUE"
"1","  TRUE"
"1","  TRUE"
"1","  TRUE"
"1","  TRUE"
"1","
"
"1"," [924]"
"1","  TRUE"
"1","  TRUE"
"1","  TRUE"
"1","  TRUE"
"1","  TRUE"
"1","  TRUE"
"1","  TRUE"
"1","  TRUE"
"1","  TRUE"
"1","  TRUE"
"1","  TRUE"
"1","  TRUE"
"1","  TRUE"
"1","
"
"1"," [937]"
"1","  TRUE"
"1","  TRUE"
"1","  TRUE"
"1","  TRUE"
"1","  TRUE"
"1","  TRUE"
"1","  TRUE"
"1","  TRUE"
"1","  TRUE"
"1","  TRUE"
"1","  TRUE"
"1","  TRUE"
"1","  TRUE"
"1","
"
"1"," [950]"
"1","  TRUE"
"1","  TRUE"
"1","  TRUE"
"1","  TRUE"
"1","  TRUE"
"1","  TRUE"
"1","  TRUE"
"1","  TRUE"
"1","  TRUE"
"1","  TRUE"
"1","  TRUE"
"1","  TRUE"
"1","  TRUE"
"1","
"
"1"," [963]"
"1","  TRUE"
"1","  TRUE"
"1","  TRUE"
"1","  TRUE"
"1"," FALSE"
"1","  TRUE"
"1","  TRUE"
"1","  TRUE"
"1","  TRUE"
"1","  TRUE"
"1","  TRUE"
"1","  TRUE"
"1","  TRUE"
"1","
"
"1"," [976]"
"1","  TRUE"
"1","  TRUE"
"1","  TRUE"
"1","  TRUE"
"1","  TRUE"
"1","  TRUE"
"1","  TRUE"
"1","  TRUE"
"1","  TRUE"
"1","  TRUE"
"1","  TRUE"
"1","  TRUE"
"1","  TRUE"
"1","
"
"1"," [989]"
"1","  TRUE"
"1","  TRUE"
"1","  TRUE"
"1","  TRUE"
"1","  TRUE"
"1","  TRUE"
"1"," FALSE"
"1","  TRUE"
"1","  TRUE"
"1","  TRUE"
"1","  TRUE"
"1"," FALSE"
"1","
"
"1"," [ reached getOption(""max.print"") -- omitted 182465 entries ]
"
"0","earnedCredit1 <- credit*let"
"0","earnedCredit <- as.integer(earnedCredit1)"
"0","class(earnedCredit)"
"1","[1]"
"1"," ""integer"""
"1","
"
"0","earnedCredit"
"1","   [1]"
"1"," 3"
"1"," 3"
"1"," 0"
"1"," 2"
"1"," 2"
"1"," 3"
"1"," 2"
"1"," 2"
"1"," 2"
"1"," 2"
"1"," 1"
"1"," 0"
"1"," 3"
"1"," 3"
"1"," 0"
"1"," 2"
"1"," 2"
"1"," 3"
"1"," 2"
"1"," 2"
"1"," 2"
"1"," 2"
"1"," 2"
"1"," 1"
"1"," 0"
"1"," 2"
"1"," 2"
"1"," 2"
"1"," 3"
"1"," 2"
"1"," 2"
"1"," 2"
"1"," 2"
"1"," 2"
"1"," 3"
"1"," 0"
"1"," 2"
"1"," 2"
"1"," 2"
"1"," 3"
"1","
"
"1","  [41]"
"1"," 1"
"1"," 2"
"1"," 2"
"1"," 2"
"1"," 2"
"1"," 3"
"1"," 0"
"1"," 3"
"1"," 3"
"1"," 2"
"1"," 3"
"1"," 2"
"1"," 3"
"1"," 0"
"1"," 2"
"1"," 2"
"1"," 2"
"1"," 2"
"1"," 3"
"1"," 2"
"1"," 2"
"1"," 3"
"1"," 3"
"1"," 2"
"1"," 2"
"1"," 2"
"1"," 2"
"1"," 2"
"1"," 2"
"1"," 2"
"1"," 2"
"1"," 2"
"1"," 2"
"1"," 2"
"1"," 1"
"1"," 2"
"1"," 2"
"1"," 2"
"1"," 2"
"1"," 2"
"1","
"
"1","  [81]"
"1"," 2"
"1"," 2"
"1"," 2"
"1"," 3"
"1"," 3"
"1"," 2"
"1"," 3"
"1"," 2"
"1"," 0"
"1"," 2"
"1"," 2"
"1"," 1"
"1"," 2"
"1"," 0"
"1"," 2"
"1"," 3"
"1"," 3"
"1"," 2"
"1"," 3"
"1"," 2"
"1"," 2"
"1"," 0"
"1"," 2"
"1"," 2"
"1"," 1"
"1"," 2"
"1"," 0"
"1"," 2"
"1"," 2"
"1"," 3"
"1"," 2"
"1"," 2"
"1"," 2"
"1"," 2"
"1"," 3"
"1"," 0"
"1"," 0"
"1"," 0"
"1"," 2"
"1"," 2"
"1","
"
"1"," [121]"
"1"," 3"
"1"," 2"
"1"," 2"
"1"," 2"
"1"," 0"
"1"," 0"
"1"," 2"
"1"," 3"
"1"," 3"
"1"," 2"
"1"," 0"
"1"," 0"
"1"," 2"
"1"," 2"
"1"," 2"
"1"," 0"
"1"," 2"
"1"," 0"
"1"," 2"
"1"," 3"
"1"," 3"
"1"," 0"
"1"," 2"
"1"," 2"
"1"," 2"
"1"," 3"
"1"," 2"
"1"," 2"
"1"," 4"
"1"," 2"
"1"," 3"
"1"," 3"
"1"," 2"
"1"," 2"
"1"," 3"
"1"," 2"
"1"," 2"
"1"," 2"
"1"," 0"
"1"," 3"
"1","
"
"1"," [161]"
"1"," 2"
"1"," 2"
"1"," 0"
"1"," 3"
"1"," 0"
"1"," 2"
"1"," 2"
"1"," 2"
"1"," 1"
"1"," 0"
"1"," 3"
"1"," 3"
"1"," 0"
"1"," 3"
"1"," 2"
"1"," 0"
"1"," 2"
"1"," 2"
"1"," 2"
"1"," 2"
"1"," 1"
"1"," 0"
"1"," 2"
"1"," 3"
"1"," 2"
"1"," 2"
"1"," 2"
"1"," 3"
"1"," 2"
"1"," 2"
"1"," 2"
"1"," 2"
"1"," 0"
"1"," 2"
"1"," 2"
"1"," 2"
"1"," 3"
"1"," 1"
"1"," 2"
"1"," 2"
"1","
"
"1"," [201]"
"1"," 2"
"1"," 2"
"1"," 0"
"1"," 2"
"1"," 2"
"1"," 2"
"1"," 2"
"1"," 3"
"1"," 3"
"1"," 0"
"1"," 2"
"1"," 2"
"1"," 3"
"1"," 2"
"1"," 0"
"1"," 2"
"1"," 0"
"1"," 2"
"1"," 2"
"1"," 3"
"1"," 3"
"1"," 2"
"1"," 3"
"1"," 0"
"1"," 4"
"1"," 2"
"1"," 2"
"1"," 2"
"1"," 2"
"1"," 2"
"1"," 2"
"1"," 2"
"1"," 2"
"1"," 2"
"1"," 3"
"1"," 3"
"1"," 2"
"1"," 3"
"1"," 0"
"1"," 2"
"1","
"
"1"," [241]"
"1"," 2"
"1"," 1"
"1"," 2"
"1"," 0"
"1"," 2"
"1"," 3"
"1"," 3"
"1"," 2"
"1"," 3"
"1"," 2"
"1"," 0"
"1"," 2"
"1"," 2"
"1"," 1"
"1"," 2"
"1"," 0"
"1"," 2"
"1"," 2"
"1"," 2"
"1"," 3"
"1"," 2"
"1"," 2"
"1"," 2"
"1"," 2"
"1"," 3"
"1"," 0"
"1"," 2"
"1"," 2"
"1"," 2"
"1"," 2"
"1"," 3"
"1"," 2"
"1"," 1"
"1"," 2"
"1"," 2"
"1"," 2"
"1"," 3"
"1"," 0"
"1"," 3"
"1"," 3"
"1","
"
"1"," [281]"
"1"," 2"
"1"," 2"
"1"," 3"
"1"," 3"
"1"," 0"
"1"," 2"
"1"," 2"
"1"," 2"
"1"," 2"
"1"," 2"
"1"," 3"
"1"," 2"
"1"," 3"
"1"," 3"
"1"," 2"
"1"," 0"
"1"," 2"
"1"," 2"
"1"," 2"
"1"," 2"
"1"," 2"
"1"," 0"
"1"," 2"
"1"," 2"
"1"," 2"
"1"," 2"
"1"," 2"
"1"," 0"
"1"," 2"
"1"," 3"
"1"," 3"
"1"," 0"
"1"," 2"
"1"," 2"
"1"," 3"
"1"," 2"
"1"," 2"
"1"," 2"
"1"," 2"
"1"," 1"
"1","
"
"1"," [321]"
"1"," 0"
"1"," 2"
"1"," 3"
"1"," 3"
"1"," 0"
"1"," 2"
"1"," 2"
"1"," 3"
"1"," 2"
"1"," 2"
"1"," 2"
"1"," 2"
"1"," 2"
"1"," 1"
"1"," 0"
"1"," 2"
"1"," 2"
"1"," 2"
"1"," 3"
"1"," 2"
"1"," 2"
"1"," 2"
"1"," 2"
"1"," 2"
"1"," 3"
"1"," 0"
"1"," 2"
"1"," 2"
"1"," 3"
"1"," 2"
"1"," 2"
"1"," 2"
"1"," 2"
"1"," 2"
"1"," 2"
"1"," 3"
"1"," 0"
"1"," 3"
"1"," 3"
"1"," 2"
"1","
"
"1"," [361]"
"1"," 2"
"1"," 3"
"1"," 3"
"1"," 0"
"1"," 2"
"1"," 2"
"1"," 2"
"1"," 3"
"1"," 2"
"1"," 3"
"1"," 3"
"1"," 2"
"1"," 2"
"1"," 2"
"1"," 2"
"1"," 2"
"1"," 2"
"1"," 2"
"1"," 2"
"1"," 2"
"1"," 2"
"1"," 2"
"1"," 0"
"1"," 3"
"1"," 3"
"1"," 2"
"1"," 3"
"1"," 2"
"1"," 0"
"1"," 0"
"1"," 2"
"1"," 0"
"1"," 1"
"1"," 0"
"1"," 3"
"1"," 3"
"1"," 2"
"1"," 3"
"1"," 2"
"1"," 2"
"1","
"
"1"," [401]"
"1"," 0"
"1"," 2"
"1"," 1"
"1"," 0"
"1"," 2"
"1"," 2"
"1"," 0"
"1"," 3"
"1"," 2"
"1"," 2"
"1"," 2"
"1"," 2"
"1"," 2"
"1"," 2"
"1"," 3"
"1"," 0"
"1"," 2"
"1"," 2"
"1"," 2"
"1"," 3"
"1"," 2"
"1"," 2"
"1"," 2"
"1"," 2"
"1"," 3"
"1"," 0"
"1"," 3"
"1"," 3"
"1"," 2"
"1"," 3"
"1"," 3"
"1"," 0"
"1"," 2"
"1"," 2"
"1"," 2"
"1"," 2"
"1"," 2"
"1"," 3"
"1"," 0"
"1"," 2"
"1","
"
"1"," [441]"
"1"," 3"
"1"," 3"
"1"," 2"
"1"," 2"
"1"," 2"
"1"," 2"
"1"," 2"
"1"," 2"
"1"," 0"
"1"," 1"
"1"," 2"
"1"," 2"
"1"," 2"
"1"," 2"
"1"," 2"
"1"," 2"
"1"," 2"
"1"," 3"
"1"," 3"
"1"," 2"
"1"," 3"
"1"," 2"
"1"," 0"
"1"," 2"
"1"," 2"
"1"," 1"
"1"," 2"
"1"," 0"
"1"," 3"
"1"," 3"
"1"," 2"
"1"," 3"
"1"," 2"
"1"," 2"
"1"," 0"
"1"," 2"
"1"," 2"
"1"," 1"
"1"," 2"
"1"," 0"
"1","
"
"1"," [481]"
"1"," 2"
"1"," 2"
"1"," 2"
"1"," 3"
"1"," 2"
"1"," 2"
"1"," 2"
"1"," 2"
"1"," 2"
"1"," 2"
"1"," 0"
"1"," 0"
"1"," 2"
"1"," 2"
"1"," 2"
"1"," 2"
"1"," 3"
"1"," 2"
"1"," 2"
"1"," 2"
"1"," 0"
"1"," 0"
"1"," 2"
"1"," 2"
"1"," 3"
"1"," 3"
"1"," 3"
"1"," 0"
"1"," 2"
"1"," 2"
"1"," 2"
"1"," 2"
"1"," 3"
"1"," 2"
"1"," 3"
"1"," 2"
"1"," 3"
"1"," 3"
"1"," 2"
"1"," 2"
"1","
"
"1"," [521]"
"1"," 0"
"1"," 2"
"1"," 3"
"1"," 2"
"1"," 2"
"1"," 3"
"1"," 2"
"1"," 2"
"1"," 2"
"1"," 2"
"1"," 2"
"1"," 3"
"1"," 2"
"1"," 3"
"1"," 3"
"1"," 2"
"1"," 0"
"1"," 0"
"1"," 2"
"1"," 0"
"1"," 2"
"1"," 1"
"1"," 2"
"1"," 0"
"1"," 3"
"1"," 3"
"1"," 2"
"1"," 3"
"1"," 2"
"1"," 2"
"1"," 0"
"1"," 2"
"1"," 1"
"1"," 2"
"1"," 0"
"1"," 2"
"1"," 2"
"1"," 0"
"1"," 2"
"1"," 2"
"1","
"
"1"," [561]"
"1"," 2"
"1"," 2"
"1"," 2"
"1"," 2"
"1"," 3"
"1"," 0"
"1"," 2"
"1"," 2"
"1"," 2"
"1"," 0"
"1"," 2"
"1"," 2"
"1"," 2"
"1"," 3"
"1"," 0"
"1"," 2"
"1"," 3"
"1"," 3"
"1"," 2"
"1"," 2"
"1"," 3"
"1"," 3"
"1"," 3"
"1"," 0"
"1"," 2"
"1"," 2"
"1"," 2"
"1"," 3"
"1"," 2"
"1"," 3"
"1"," 3"
"1"," 3"
"1"," 2"
"1"," 2"
"1"," 2"
"1"," 2"
"1"," 2"
"1"," 2"
"1"," 2"
"1"," 2"
"1","
"
"1"," [601]"
"1"," 2"
"1"," 4"
"1"," 2"
"1"," 2"
"1"," 0"
"1"," 2"
"1"," 2"
"1"," 2"
"1"," 2"
"1"," 2"
"1"," 2"
"1"," 2"
"1"," 3"
"1"," 3"
"1"," 0"
"1"," 2"
"1"," 3"
"1"," 2"
"1"," 2"
"1"," 2"
"1"," 2"
"1"," 1"
"1"," 2"
"1"," 0"
"1"," 3"
"1"," 3"
"1"," 0"
"1"," 2"
"1"," 3"
"1"," 2"
"1"," 2"
"1"," 2"
"1"," 2"
"1"," 2"
"1"," 1"
"1"," 2"
"1"," 0"
"1"," 2"
"1"," 2"
"1"," 2"
"1","
"
"1"," [641]"
"1"," 2"
"1"," 3"
"1"," 2"
"1"," 2"
"1"," 2"
"1"," 3"
"1"," 0"
"1"," 2"
"1"," 2"
"1"," 2"
"1"," 2"
"1"," 3"
"1"," 2"
"1"," 2"
"1"," 3"
"1"," 2"
"1"," 0"
"1"," 2"
"1"," 3"
"1"," 3"
"1"," 2"
"1"," 3"
"1"," 3"
"1"," 2"
"1"," 2"
"1"," 2"
"1"," 2"
"1"," 2"
"1"," 3"
"1"," 2"
"1"," 3"
"1"," 3"
"1"," 0"
"1"," 2"
"1"," 2"
"1"," 0"
"1"," 2"
"1"," 2"
"1"," 2"
"1"," 2"
"1","
"
"1"," [681]"
"1"," 2"
"1"," 2"
"1"," 2"
"1"," 2"
"1"," 2"
"1"," 2"
"1"," 2"
"1"," 2"
"1"," 3"
"1"," 3"
"1"," 0"
"1"," 2"
"1"," 0"
"1"," 2"
"1"," 2"
"1"," 2"
"1"," 0"
"1"," 1"
"1"," 2"
"1"," 0"
"1"," 2"
"1"," 3"
"1"," 3"
"1"," 0"
"1"," 0"
"1"," 3"
"1"," 2"
"1"," 2"
"1"," 2"
"1"," 2"
"1"," 1"
"1"," 2"
"1"," 0"
"1"," 2"
"1"," 2"
"1"," 3"
"1"," 2"
"1"," 2"
"1"," 2"
"1"," 2"
"1","
"
"1"," [721]"
"1"," 2"
"1"," 3"
"1"," 0"
"1"," 2"
"1"," 0"
"1"," 2"
"1"," 3"
"1"," 1"
"1"," 2"
"1"," 1"
"1"," 2"
"1"," 2"
"1"," 3"
"1"," 2"
"1"," 0"
"1"," 3"
"1"," 3"
"1"," 3"
"1"," 4"
"1"," 2"
"1"," 2"
"1"," 2"
"1"," 1"
"1"," 2"
"1"," 2"
"1"," 3"
"1"," 2"
"1"," 2"
"1"," 3"
"1"," 3"
"1"," 0"
"1"," 2"
"1"," 0"
"1"," 2"
"1"," 2"
"1"," 2"
"1"," 3"
"1"," 2"
"1"," 2"
"1"," 2"
"1","
"
"1"," [761]"
"1"," 2"
"1"," 2"
"1"," 2"
"1"," 2"
"1"," 2"
"1"," 2"
"1"," 0"
"1"," 3"
"1"," 3"
"1"," 0"
"1"," 2"
"1"," 3"
"1"," 2"
"1"," 2"
"1"," 2"
"1"," 2"
"1"," 1"
"1"," 2"
"1"," 0"
"1"," 3"
"1"," 3"
"1"," 0"
"1"," 2"
"1"," 3"
"1"," 2"
"1"," 2"
"1"," 2"
"1"," 2"
"1"," 2"
"1"," 1"
"1"," 2"
"1"," 0"
"1"," 2"
"1"," 2"
"1"," 2"
"1"," 3"
"1"," 2"
"1"," 2"
"1"," 2"
"1"," 2"
"1","
"
"1"," [801]"
"1"," 2"
"1"," 3"
"1"," 0"
"1"," 2"
"1"," 2"
"1"," 2"
"1"," 3"
"1"," 2"
"1"," 2"
"1"," 2"
"1"," 3"
"1"," 2"
"1"," 0"
"1"," 3"
"1"," 3"
"1"," 3"
"1"," 3"
"1"," 0"
"1"," 2"
"1"," 2"
"1"," 2"
"1"," 2"
"1"," 2"
"1"," 3"
"1"," 2"
"1"," 3"
"1"," 3"
"1"," 2"
"1"," 2"
"1"," 2"
"1"," 2"
"1"," 2"
"1"," 2"
"1"," 2"
"1"," 2"
"1"," 2"
"1"," 3"
"1"," 1"
"1"," 2"
"1"," 2"
"1","
"
"1"," [841]"
"1"," 2"
"1"," 2"
"1"," 2"
"1"," 2"
"1"," 3"
"1"," 3"
"1"," 0"
"1"," 2"
"1"," 3"
"1"," 2"
"1"," 2"
"1"," 2"
"1"," 1"
"1"," 2"
"1"," 0"
"1"," 2"
"1"," 3"
"1"," 3"
"1"," 0"
"1"," 2"
"1"," 3"
"1"," 2"
"1"," 2"
"1"," 2"
"1"," 2"
"1"," 1"
"1"," 2"
"1"," 0"
"1"," 2"
"1"," 2"
"1"," 2"
"1"," 3"
"1"," 2"
"1"," 2"
"1"," 2"
"1"," 2"
"1"," 2"
"1"," 3"
"1"," 2"
"1"," 0"
"1","
"
"1"," [881]"
"1"," 2"
"1"," 2"
"1"," 2"
"1"," 3"
"1"," 2"
"1"," 2"
"1"," 2"
"1"," 2"
"1"," 3"
"1"," 0"
"1"," 2"
"1"," 3"
"1"," 3"
"1"," 2"
"1"," 2"
"1"," 0"
"1"," 3"
"1"," 0"
"1"," 2"
"1"," 0"
"1"," 2"
"1"," 0"
"1"," 2"
"1"," 3"
"1"," 2"
"1"," 2"
"1"," 0"
"1"," 3"
"1"," 2"
"1"," 2"
"1"," 2"
"1"," 2"
"1"," 2"
"1"," 2"
"1"," 2"
"1"," 1"
"1"," 3"
"1"," 2"
"1"," 2"
"1"," 0"
"1","
"
"1"," [921]"
"1"," 2"
"1"," 2"
"1"," 3"
"1"," 3"
"1"," 0"
"1"," 2"
"1"," 3"
"1"," 2"
"1"," 2"
"1"," 1"
"1"," 0"
"1"," 2"
"1"," 3"
"1"," 3"
"1"," 0"
"1"," 2"
"1"," 3"
"1"," 2"
"1"," 2"
"1"," 2"
"1"," 2"
"1"," 2"
"1"," 1"
"1"," 0"
"1"," 2"
"1"," 2"
"1"," 2"
"1"," 2"
"1"," 3"
"1"," 2"
"1"," 2"
"1"," 2"
"1"," 2"
"1"," 2"
"1"," 3"
"1"," 0"
"1"," 2"
"1"," 2"
"1"," 2"
"1"," 2"
"1","
"
"1"," [961]"
"1"," 3"
"1"," 1"
"1"," 2"
"1"," 2"
"1"," 2"
"1"," 2"
"1"," 0"
"1"," 0"
"1"," 3"
"1"," 3"
"1"," 2"
"1"," 2"
"1"," 3"
"1"," 3"
"1"," 0"
"1"," 2"
"1"," 2"
"1"," 2"
"1"," 2"
"1"," 3"
"1"," 2"
"1"," 2"
"1"," 3"
"1"," 2"
"1"," 3"
"1"," 3"
"1"," 2"
"1"," 3"
"1"," 2"
"1"," 2"
"1"," 2"
"1"," 2"
"1"," 3"
"1"," 2"
"1"," 0"
"1"," 0"
"1"," 3"
"1"," 3"
"1"," 2"
"1"," 0"
"1","
"
"1"," [ reached getOption(""max.print"") -- omitted 182465 entries ]
"
