"0","transcriptPartialDataEconframe<-transcriptData[logicFromEcon,c(1,7,8)]"
"0","transcriptPartialDataEcon<-as.list(transcriptPartialDataEconframe)"
"0","transcriptPartialDataEcon"
"1","$學號
"
"1","   [1]"
"1"," ""5bdS6977b"""
"1"," ""5bdS6977b"""
"1"," ""5bdS6977b"""
"1"," ""5bdS6977b"""
"1"," ""5bdS6977b"""
"1"," ""5bdS6977b"""
"1","
"
"1","   [7]"
"1"," ""5bdS6977b"""
"1"," ""5bdS6977b"""
"1"," ""5bdS6977b"""
"1"," ""5bdS6977b"""
"1"," ""5bdS6977b"""
"1"," ""5bdS6977b"""
"1","
"
"1","  [13]"
"1"," ""5bdS6977b"""
"1"," ""5bdS6977b"""
"1"," ""5bdS6977b"""
"1"," ""5bdS6977b"""
"1"," ""5bdS6977b"""
"1"," ""5bdS6977b"""
"1","
"
"1","  [19]"
"1"," ""5bdS6977b"""
"1"," ""5bdS6977b"""
"1"," ""5bdS6977b"""
"1"," ""5bdS6977b"""
"1"," ""5bdS6977b"""
"1"," ""5bdS6977b"""
"1","
"
"1","  [25]"
"1"," ""5bdS6977b"""
"1"," ""5bdS6977b"""
"1"," ""5bdS6977b"""
"1"," ""5bdS6977b"""
"1"," ""5bdS6977b"""
"1"," ""5bdS6977b"""
"1","
"
"1","  [31]"
"1"," ""5bdS6977b"""
"1"," ""5bdS6977b"""
"1"," ""5bdS6977b"""
"1"," ""5bdS6977b"""
"1"," ""5bdS6977b"""
"1"," ""5bdS6977b"""
"1","
"
"1","  [37]"
"1"," ""5bdS6977b"""
"1"," ""5bdS6977b"""
"1"," ""5bdS6977b"""
"1"," ""5bdS6977b"""
"1"," ""5bdS6977b"""
"1"," ""5bdS6977b"""
"1","
"
"1","  [43]"
"1"," ""5bdS6977b"""
"1"," ""5bdS6977b"""
"1"," ""5bdS6977b"""
"1"," ""5bdS6977b"""
"1"," ""5bdS6977b"""
"1"," ""5bdS6977b"""
"1","
"
"1","  [49]"
"1"," ""5bdS6977b"""
"1"," ""5bdS6977b"""
"1"," ""5bdS6977b"""
"1"," ""5bdS6977b"""
"1"," ""5bdS6977b"""
"1"," ""5bdS6977b"""
"1","
"
"1","  [55]"
"1"," ""5bdS6977b"""
"1"," ""5bdS6977b"""
"1"," ""5bdS6977b"""
"1"," ""5bdS6977b"""
"1"," ""5bdS6977b"""
"1"," ""5bdS6977b"""
"1","
"
"1","  [61]"
"1"," ""5bdS6977b"""
"1"," ""5bdS6977b"""
"1"," ""5bdS6977b"""
"1"," ""5bdS6977b"""
"1"," ""5bdS6977b"""
"1"," ""5bdS6977b"""
"1","
"
"1","  [67]"
"1"," ""33dS6a3d4"""
"1"," ""33dS6a3d4"""
"1"," ""33dS6a3d4"""
"1"," ""33dS6a3d4"""
"1"," ""33dS6a3d4"""
"1"," ""33dS6a3d4"""
"1","
"
"1","  [73]"
"1"," ""33dS6a3d4"""
"1"," ""33dS6a3d4"""
"1"," ""33dS6a3d4"""
"1"," ""33dS6a3d4"""
"1"," ""33dS6a3d4"""
"1"," ""33dS6a3d4"""
"1","
"
"1","  [79]"
"1"," ""33dS6a3d4"""
"1"," ""33dS6a3d4"""
"1"," ""33dS6a3d4"""
"1"," ""33dS6a3d4"""
"1"," ""33dS6a3d4"""
"1"," ""33dS6a3d4"""
"1","
"
"1","  [85]"
"1"," ""33dS6a3d4"""
"1"," ""33dS6a3d4"""
"1"," ""33dS6a3d4"""
"1"," ""33dS6a3d4"""
"1"," ""33dS6a3d4"""
"1"," ""33dS6a3d4"""
"1","
"
"1","  [91]"
"1"," ""33dS6a3d4"""
"1"," ""33dS6a3d4"""
"1"," ""33dS6a3d4"""
"1"," ""33dS6a3d4"""
"1"," ""33dS6a3d4"""
"1"," ""33dS6a3d4"""
"1","
"
"1","  [97]"
"1"," ""33dS6a3d4"""
"1"," ""33dS6a3d4"""
"1"," ""33dS6a3d4"""
"1"," ""33dS6a3d4"""
"1"," ""33dS6a3d4"""
"1"," ""33dS6a3d4"""
"1","
"
"1"," [103]"
"1"," ""33dS6a3d4"""
"1"," ""33dS6a3d4"""
"1"," ""33dS6a3d4"""
"1"," ""33dS6a3d4"""
"1"," ""33dS6a3d4"""
"1"," ""33dS6a3d4"""
"1","
"
"1"," [109]"
"1"," ""33dS6a3d4"""
"1"," ""33dS6a3d4"""
"1"," ""33dS6a3d4"""
"1"," ""33dS6a3d4"""
"1"," ""33dS6a3d4"""
"1"," ""33dS6a3d4"""
"1","
"
"1"," [115]"
"1"," ""33dS6a3d4"""
"1"," ""33dS6a3d4"""
"1"," ""33dS6a3d4"""
"1"," ""33dS6a3d4"""
"1"," ""33dS6a3d4"""
"1"," ""33dS6a3d4"""
"1","
"
"1"," [121]"
"1"," ""33dS6a3d4"""
"1"," ""33dS6a3d4"""
"1"," ""33dS6a3d4"""
"1"," ""33dS6a3d4"""
"1"," ""33dS6a3d4"""
"1"," ""33dS6a3d4"""
"1","
"
"1"," [127]"
"1"," ""33dS6a3d4"""
"1"," ""33dS6a3d4"""
"1"," ""33dS6a3d4"""
"1"," ""33dS6a3d4"""
"1"," ""33dS6a3d4"""
"1"," ""33dS6a3d4"""
"1","
"
"1"," [133]"
"1"," ""33dS6a3d4"""
"1"," ""33dS6a3d4"""
"1"," ""33dS6a3d4"""
"1"," ""33dS6a3d4"""
"1"," ""393S6e2fb"""
"1"," ""393S6e2fb"""
"1","
"
"1"," [139]"
"1"," ""393S6e2fb"""
"1"," ""393S6e2fb"""
"1"," ""393S6e2fb"""
"1"," ""393S6e2fb"""
"1"," ""393S6e2fb"""
"1"," ""393S6e2fb"""
"1","
"
"1"," [145]"
"1"," ""393S6e2fb"""
"1"," ""393S6e2fb"""
"1"," ""393S6e2fb"""
"1"," ""393S6e2fb"""
"1"," ""393S6e2fb"""
"1"," ""393S6e2fb"""
"1","
"
"1"," [151]"
"1"," ""393S6e2fb"""
"1"," ""393S6e2fb"""
"1"," ""393S6e2fb"""
"1"," ""393S6e2fb"""
"1"," ""393S6e2fb"""
"1"," ""393S6e2fb"""
"1","
"
"1"," [157]"
"1"," ""393S6e2fb"""
"1"," ""393S6e2fb"""
"1"," ""393S6e2fb"""
"1"," ""393S6e2fb"""
"1"," ""393S6e2fb"""
"1"," ""393S6e2fb"""
"1","
"
"1"," [163]"
"1"," ""393S6e2fb"""
"1"," ""393S6e2fb"""
"1"," ""393S6e2fb"""
"1"," ""393S6e2fb"""
"1"," ""393S6e2fb"""
"1"," ""393S6e2fb"""
"1","
"
"1"," [169]"
"1"," ""393S6e2fb"""
"1"," ""393S6e2fb"""
"1"," ""393S6e2fb"""
"1"," ""393S6e2fb"""
"1"," ""393S6e2fb"""
"1"," ""393S6e2fb"""
"1","
"
"1"," [175]"
"1"," ""393S6e2fb"""
"1"," ""393S6e2fb"""
"1"," ""393S6e2fb"""
"1"," ""393S6e2fb"""
"1"," ""393S6e2fb"""
"1"," ""393S6e2fb"""
"1","
"
"1"," [181]"
"1"," ""393S6e2fb"""
"1"," ""393S6e2fb"""
"1"," ""393S6e2fb"""
"1"," ""393S6e2fb"""
"1"," ""393S6e2fb"""
"1"," ""393S6e2fb"""
"1","
"
"1"," [187]"
"1"," ""393S6e2fb"""
"1"," ""393S6e2fb"""
"1"," ""393S6e2fb"""
"1"," ""393S6e2fb"""
"1"," ""393S6e2fb"""
"1"," ""393S6e2fb"""
"1","
"
"1"," [193]"
"1"," ""393S6e2fb"""
"1"," ""393S6e2fb"""
"1"," ""393S6e2fb"""
"1"," ""393S6e2fb"""
"1"," ""393S6e2fb"""
"1"," ""393S6e2fb"""
"1","
"
"1"," [199]"
"1"," ""393S6e2fb"""
"1"," ""393S6e2fb"""
"1"," ""393S6e2fb"""
"1"," ""393S6e2fb"""
"1"," ""393S6e2fb"""
"1"," ""36bS6f23a"""
"1","
"
"1"," [205]"
"1"," ""36bS6f23a"""
"1"," ""36bS6f23a"""
"1"," ""36bS6f23a"""
"1"," ""36bS6f23a"""
"1"," ""36bS6f23a"""
"1"," ""36bS6f23a"""
"1","
"
"1"," [211]"
"1"," ""36bS6f23a"""
"1"," ""36bS6f23a"""
"1"," ""36bS6f23a"""
"1"," ""36bS6f23a"""
"1"," ""36bS6f23a"""
"1"," ""36bS6f23a"""
"1","
"
"1"," [217]"
"1"," ""36bS6f23a"""
"1"," ""36bS6f23a"""
"1"," ""36bS6f23a"""
"1"," ""36bS6f23a"""
"1"," ""36bS6f23a"""
"1"," ""36bS6f23a"""
"1","
"
"1"," [223]"
"1"," ""36bS6f23a"""
"1"," ""36bS6f23a"""
"1"," ""36bS6f23a"""
"1"," ""36bS6f23a"""
"1"," ""36bS6f23a"""
"1"," ""36bS6f23a"""
"1","
"
"1"," [229]"
"1"," ""36bS6f23a"""
"1"," ""36bS6f23a"""
"1"," ""36bS6f23a"""
"1"," ""36bS6f23a"""
"1"," ""36bS6f23a"""
"1"," ""36bS6f23a"""
"1","
"
"1"," [235]"
"1"," ""36bS6f23a"""
"1"," ""36bS6f23a"""
"1"," ""36bS6f23a"""
"1"," ""36bS6f23a"""
"1"," ""36bS6f23a"""
"1"," ""36bS6f23a"""
"1","
"
"1"," [241]"
"1"," ""36bS6f23a"""
"1"," ""36bS6f23a"""
"1"," ""36bS6f23a"""
"1"," ""36bS6f23a"""
"1"," ""36bS6f23a"""
"1"," ""36bS6f23a"""
"1","
"
"1"," [247]"
"1"," ""36bS6f23a"""
"1"," ""36bS6f23a"""
"1"," ""36bS6f23a"""
"1"," ""36bS6f23a"""
"1"," ""36bS6f23a"""
"1"," ""36bS6f23a"""
"1","
"
"1"," [253]"
"1"," ""36bS6f23a"""
"1"," ""36bS6f23a"""
"1"," ""36bS6f23a"""
"1"," ""36bS6f23a"""
"1"," ""36bS6f23a"""
"1"," ""36bS6f23a"""
"1","
"
"1"," [259]"
"1"," ""36bS6f23a"""
"1"," ""36bS6f23a"""
"1"," ""36bS6f23a"""
"1"," ""36bS6f23a"""
"1"," ""36bS6f23a"""
"1"," ""36bS6f23a"""
"1","
"
"1"," [265]"
"1"," ""36bS6f23a"""
"1"," ""36bS6f23a"""
"1"," ""36bS6f23a"""
"1"," ""36bS6f23a"""
"1"," ""36bS6f23a"""
"1"," ""36bS6f23a"""
"1","
"
"1"," [271]"
"1"," ""36bS6f23a"""
"1"," ""36bS6f23a"""
"1"," ""36bS6f23a"""
"1"," ""36bS6f23a"""
"1"," ""36bS6f23a"""
"1"," ""36bS6f23a"""
"1","
"
"1"," [277]"
"1"," ""36bS6f23a"""
"1"," ""03dS675ad"""
"1"," ""03dS675ad"""
"1"," ""03dS675ad"""
"1"," ""03dS675ad"""
"1"," ""03dS675ad"""
"1","
"
"1"," [283]"
"1"," ""03dS675ad"""
"1"," ""03dS675ad"""
"1"," ""03dS675ad"""
"1"," ""03dS675ad"""
"1"," ""03dS675ad"""
"1"," ""03dS675ad"""
"1","
"
"1"," [289]"
"1"," ""03dS675ad"""
"1"," ""03dS675ad"""
"1"," ""03dS675ad"""
"1"," ""03dS675ad"""
"1"," ""03dS675ad"""
"1"," ""03dS675ad"""
"1","
"
"1"," [295]"
"1"," ""03dS675ad"""
"1"," ""03dS675ad"""
"1"," ""03dS675ad"""
"1"," ""03dS675ad"""
"1"," ""03dS675ad"""
"1"," ""03dS675ad"""
"1","
"
"1"," [301]"
"1"," ""03dS675ad"""
"1"," ""03dS675ad"""
"1"," ""03dS675ad"""
"1"," ""03dS675ad"""
"1"," ""03dS675ad"""
"1"," ""03dS675ad"""
"1","
"
"1"," [307]"
"1"," ""03dS675ad"""
"1"," ""03dS675ad"""
"1"," ""03dS675ad"""
"1"," ""03dS675ad"""
"1"," ""03dS675ad"""
"1"," ""03dS675ad"""
"1","
"
"1"," [313]"
"1"," ""03dS675ad"""
"1"," ""03dS675ad"""
"1"," ""03dS675ad"""
"1"," ""03dS675ad"""
"1"," ""aceS6c515"""
"1"," ""aceS6c515"""
"1","
"
"1"," [319]"
"1"," ""aceS6c515"""
"1"," ""aceS6c515"""
"1"," ""aceS6c515"""
"1"," ""aceS6c515"""
"1"," ""aceS6c515"""
"1"," ""aceS6c515"""
"1","
"
"1"," [325]"
"1"," ""aceS6c515"""
"1"," ""aceS6c515"""
"1"," ""aceS6c515"""
"1"," ""aceS6c515"""
"1"," ""aceS6c515"""
"1"," ""aceS6c515"""
"1","
"
"1"," [331]"
"1"," ""aceS6c515"""
"1"," ""aceS6c515"""
"1"," ""aceS6c515"""
"1"," ""aceS6c515"""
"1"," ""aceS6c515"""
"1"," ""aceS6c515"""
"1","
"
"1"," [337]"
"1"," ""aceS6c515"""
"1"," ""aceS6c515"""
"1"," ""aceS6c515"""
"1"," ""aceS6c515"""
"1"," ""aceS6c515"""
"1"," ""aceS6c515"""
"1","
"
"1"," [343]"
"1"," ""aceS6c515"""
"1"," ""aceS6c515"""
"1"," ""aceS6c515"""
"1"," ""aceS6c515"""
"1"," ""aceS6c515"""
"1"," ""aceS6c515"""
"1","
"
"1"," [349]"
"1"," ""aceS6c515"""
"1"," ""aceS6c515"""
"1"," ""aceS6c515"""
"1"," ""aceS6c515"""
"1"," ""aceS6c515"""
"1"," ""aceS6c515"""
"1","
"
"1"," [355]"
"1"," ""aceS6c515"""
"1"," ""aceS6c515"""
"1"," ""aceS6c515"""
"1"," ""aceS6c515"""
"1"," ""aceS6c515"""
"1"," ""aceS6c515"""
"1","
"
"1"," [361]"
"1"," ""aceS6c515"""
"1"," ""aceS6c515"""
"1"," ""aceS6c515"""
"1"," ""aceS6c515"""
"1"," ""aceS6c515"""
"1"," ""aceS6c515"""
"1","
"
"1"," [367]"
"1"," ""aceS6c515"""
"1"," ""aceS6c515"""
"1"," ""aceS6c515"""
"1"," ""aceS6c515"""
"1"," ""aceS6c515"""
"1"," ""aceS6c515"""
"1","
"
"1"," [373]"
"1"," ""aceS6c515"""
"1"," ""aceS6c515"""
"1"," ""aceS6c515"""
"1"," ""aceS6c515"""
"1"," ""aceS6c515"""
"1"," ""aceS6c515"""
"1","
"
"1"," [379]"
"1"," ""aceS6c515"""
"1"," ""aceS6c515"""
"1"," ""aceS6c515"""
"1"," ""aceS6c515"""
"1"," ""aceS6c515"""
"1"," ""aceS6c515"""
"1","
"
"1"," [385]"
"1"," ""aceS6c515"""
"1"," ""aceS6c515"""
"1"," ""aceS6c515"""
"1"," ""aceS6c515"""
"1"," ""aceS6c515"""
"1"," ""aceS6c515"""
"1","
"
"1"," [391]"
"1"," ""aceS6c515"""
"1"," ""aceS6c515"""
"1"," ""aceS6c515"""
"1"," ""82eS6bfe3"""
"1"," ""82eS6bfe3"""
"1"," ""82eS6bfe3"""
"1","
"
"1"," [397]"
"1"," ""82eS6bfe3"""
"1"," ""82eS6bfe3"""
"1"," ""82eS6bfe3"""
"1"," ""82eS6bfe3"""
"1"," ""82eS6bfe3"""
"1"," ""82eS6bfe3"""
"1","
"
"1"," [403]"
"1"," ""82eS6bfe3"""
"1"," ""82eS6bfe3"""
"1"," ""82eS6bfe3"""
"1"," ""82eS6bfe3"""
"1"," ""82eS6bfe3"""
"1"," ""82eS6bfe3"""
"1","
"
"1"," [409]"
"1"," ""82eS6bfe3"""
"1"," ""82eS6bfe3"""
"1"," ""82eS6bfe3"""
"1"," ""82eS6bfe3"""
"1"," ""82eS6bfe3"""
"1"," ""82eS6bfe3"""
"1","
"
"1"," [415]"
"1"," ""82eS6bfe3"""
"1"," ""82eS6bfe3"""
"1"," ""82eS6bfe3"""
"1"," ""82eS6bfe3"""
"1"," ""82eS6bfe3"""
"1"," ""82eS6bfe3"""
"1","
"
"1"," [421]"
"1"," ""82eS6bfe3"""
"1"," ""82eS6bfe3"""
"1"," ""82eS6bfe3"""
"1"," ""82eS6bfe3"""
"1"," ""82eS6bfe3"""
"1"," ""82eS6bfe3"""
"1","
"
"1"," [427]"
"1"," ""82eS6bfe3"""
"1"," ""82eS6bfe3"""
"1"," ""82eS6bfe3"""
"1"," ""82eS6bfe3"""
"1"," ""82eS6bfe3"""
"1"," ""82eS6bfe3"""
"1","
"
"1"," [433]"
"1"," ""82eS6bfe3"""
"1"," ""82eS6bfe3"""
"1"," ""82eS6bfe3"""
"1"," ""82eS6bfe3"""
"1"," ""82eS6bfe3"""
"1"," ""82eS6bfe3"""
"1","
"
"1"," [439]"
"1"," ""82eS6bfe3"""
"1"," ""82eS6bfe3"""
"1"," ""82eS6bfe3"""
"1"," ""82eS6bfe3"""
"1"," ""82eS6bfe3"""
"1"," ""82eS6bfe3"""
"1","
"
"1"," [445]"
"1"," ""82eS6bfe3"""
"1"," ""82eS6bfe3"""
"1"," ""82eS6bfe3"""
"1"," ""82eS6bfe3"""
"1"," ""82eS6bfe3"""
"1"," ""82eS6bfe3"""
"1","
"
"1"," [451]"
"1"," ""82eS6bfe3"""
"1"," ""82eS6bfe3"""
"1"," ""82eS6bfe3"""
"1"," ""82eS6bfe3"""
"1"," ""82eS6bfe3"""
"1"," ""82eS6bfe3"""
"1","
"
"1"," [457]"
"1"," ""82eS6bfe3"""
"1"," ""82eS6bfe3"""
"1"," ""82eS6bfe3"""
"1"," ""82eS6bfe3"""
"1"," ""82eS6bfe3"""
"1"," ""82eS6bfe3"""
"1","
"
"1"," [463]"
"1"," ""82eS6bfe3"""
"1"," ""783S61cd8"""
"1"," ""783S61cd8"""
"1"," ""783S61cd8"""
"1"," ""783S61cd8"""
"1"," ""783S61cd8"""
"1","
"
"1"," [469]"
"1"," ""783S61cd8"""
"1"," ""783S61cd8"""
"1"," ""783S61cd8"""
"1"," ""783S61cd8"""
"1"," ""381S62aeb"""
"1"," ""381S62aeb"""
"1","
"
"1"," [475]"
"1"," ""381S62aeb"""
"1"," ""381S62aeb"""
"1"," ""381S62aeb"""
"1"," ""381S62aeb"""
"1"," ""381S62aeb"""
"1"," ""381S62aeb"""
"1","
"
"1"," [481]"
"1"," ""381S62aeb"""
"1"," ""381S62aeb"""
"1"," ""381S62aeb"""
"1"," ""381S62aeb"""
"1"," ""381S62aeb"""
"1"," ""381S62aeb"""
"1","
"
"1"," [487]"
"1"," ""381S62aeb"""
"1"," ""381S62aeb"""
"1"," ""381S62aeb"""
"1"," ""381S62aeb"""
"1"," ""381S62aeb"""
"1"," ""381S62aeb"""
"1","
"
"1"," [493]"
"1"," ""381S62aeb"""
"1"," ""381S62aeb"""
"1"," ""381S62aeb"""
"1"," ""381S62aeb"""
"1"," ""381S62aeb"""
"1"," ""381S62aeb"""
"1","
"
"1"," [499]"
"1"," ""381S62aeb"""
"1"," ""381S62aeb"""
"1"," ""381S62aeb"""
"1"," ""381S62aeb"""
"1"," ""381S62aeb"""
"1"," ""381S62aeb"""
"1","
"
"1"," [505]"
"1"," ""381S62aeb"""
"1"," ""381S62aeb"""
"1"," ""381S62aeb"""
"1"," ""381S62aeb"""
"1"," ""381S62aeb"""
"1"," ""381S62aeb"""
"1","
"
"1"," [511]"
"1"," ""381S62aeb"""
"1"," ""381S62aeb"""
"1"," ""381S62aeb"""
"1"," ""381S62aeb"""
"1"," ""381S62aeb"""
"1"," ""381S62aeb"""
"1","
"
"1"," [517]"
"1"," ""381S62aeb"""
"1"," ""381S62aeb"""
"1"," ""381S62aeb"""
"1"," ""381S62aeb"""
"1"," ""381S62aeb"""
"1"," ""381S62aeb"""
"1","
"
"1"," [523]"
"1"," ""381S62aeb"""
"1"," ""381S62aeb"""
"1"," ""381S62aeb"""
"1"," ""381S62aeb"""
"1"," ""381S62aeb"""
"1"," ""381S62aeb"""
"1","
"
"1"," [529]"
"1"," ""381S62aeb"""
"1"," ""381S62aeb"""
"1"," ""381S62aeb"""
"1"," ""381S62aeb"""
"1"," ""381S62aeb"""
"1"," ""381S62aeb"""
"1","
"
"1"," [535]"
"1"," ""381S62aeb"""
"1"," ""381S62aeb"""
"1"," ""381S62aeb"""
"1"," ""381S62aeb"""
"1"," ""381S62aeb"""
"1"," ""381S62aeb"""
"1","
"
"1"," [541]"
"1"," ""381S62aeb"""
"1"," ""381S62aeb"""
"1"," ""49bS619de"""
"1"," ""49bS619de"""
"1"," ""49bS619de"""
"1"," ""49bS619de"""
"1","
"
"1"," [547]"
"1"," ""49bS619de"""
"1"," ""49bS619de"""
"1"," ""49bS619de"""
"1"," ""49bS619de"""
"1"," ""49bS619de"""
"1"," ""49bS619de"""
"1","
"
"1"," [553]"
"1"," ""49bS619de"""
"1"," ""49bS619de"""
"1"," ""49bS619de"""
"1"," ""49bS619de"""
"1"," ""49bS619de"""
"1"," ""49bS619de"""
"1","
"
"1"," [559]"
"1"," ""49bS619de"""
"1"," ""49bS619de"""
"1"," ""49bS619de"""
"1"," ""49bS619de"""
"1"," ""49bS619de"""
"1"," ""49bS619de"""
"1","
"
"1"," [565]"
"1"," ""49bS619de"""
"1"," ""49bS619de"""
"1"," ""49bS619de"""
"1"," ""49bS619de"""
"1"," ""49bS619de"""
"1"," ""49bS619de"""
"1","
"
"1"," [571]"
"1"," ""49bS619de"""
"1"," ""49bS619de"""
"1"," ""49bS619de"""
"1"," ""49bS619de"""
"1"," ""49bS619de"""
"1"," ""49bS619de"""
"1","
"
"1"," [577]"
"1"," ""49bS619de"""
"1"," ""49bS619de"""
"1"," ""49bS619de"""
"1"," ""49bS619de"""
"1"," ""49bS619de"""
"1"," ""49bS619de"""
"1","
"
"1"," [583]"
"1"," ""49bS619de"""
"1"," ""49bS619de"""
"1"," ""49bS619de"""
"1"," ""49bS619de"""
"1"," ""49bS619de"""
"1"," ""49bS619de"""
"1","
"
"1"," [589]"
"1"," ""49bS619de"""
"1"," ""49bS619de"""
"1"," ""49bS619de"""
"1"," ""49bS619de"""
"1"," ""49bS619de"""
"1"," ""49bS619de"""
"1","
"
"1"," [595]"
"1"," ""49bS619de"""
"1"," ""49bS619de"""
"1"," ""49bS619de"""
"1"," ""49bS619de"""
"1"," ""49bS619de"""
"1"," ""49bS619de"""
"1","
"
"1"," [601]"
"1"," ""49bS619de"""
"1"," ""49bS619de"""
"1"," ""49bS619de"""
"1"," ""49bS619de"""
"1"," ""49bS619de"""
"1"," ""49bS619de"""
"1","
"
"1"," [607]"
"1"," ""49bS619de"""
"1"," ""49bS619de"""
"1"," ""49bS619de"""
"1"," ""49bS619de"""
"1"," ""49bS619de"""
"1"," ""49bS619de"""
"1","
"
"1"," [613]"
"1"," ""49bS619de"""
"1"," ""49bS619de"""
"1"," ""49bS619de"""
"1"," ""102S6ea5a"""
"1"," ""102S6ea5a"""
"1"," ""102S6ea5a"""
"1","
"
"1"," [619]"
"1"," ""102S6ea5a"""
"1"," ""102S6ea5a"""
"1"," ""102S6ea5a"""
"1"," ""102S6ea5a"""
"1"," ""102S6ea5a"""
"1"," ""102S6ea5a"""
"1","
"
"1"," [625]"
"1"," ""102S6ea5a"""
"1"," ""102S6ea5a"""
"1"," ""102S6ea5a"""
"1"," ""102S6ea5a"""
"1"," ""102S6ea5a"""
"1"," ""102S6ea5a"""
"1","
"
"1"," [631]"
"1"," ""102S6ea5a"""
"1"," ""102S6ea5a"""
"1"," ""102S6ea5a"""
"1"," ""102S6ea5a"""
"1"," ""102S6ea5a"""
"1"," ""102S6ea5a"""
"1","
"
"1"," [637]"
"1"," ""102S6ea5a"""
"1"," ""102S6ea5a"""
"1"," ""102S6ea5a"""
"1"," ""102S6ea5a"""
"1"," ""102S6ea5a"""
"1"," ""102S6ea5a"""
"1","
"
"1"," [643]"
"1"," ""102S6ea5a"""
"1"," ""102S6ea5a"""
"1"," ""102S6ea5a"""
"1"," ""102S6ea5a"""
"1"," ""102S6ea5a"""
"1"," ""102S6ea5a"""
"1","
"
"1"," [649]"
"1"," ""102S6ea5a"""
"1"," ""102S6ea5a"""
"1"," ""102S6ea5a"""
"1"," ""102S6ea5a"""
"1"," ""102S6ea5a"""
"1"," ""102S6ea5a"""
"1","
"
"1"," [655]"
"1"," ""102S6ea5a"""
"1"," ""102S6ea5a"""
"1"," ""102S6ea5a"""
"1"," ""102S6ea5a"""
"1"," ""102S6ea5a"""
"1"," ""102S6ea5a"""
"1","
"
"1"," [661]"
"1"," ""102S6ea5a"""
"1"," ""102S6ea5a"""
"1"," ""102S6ea5a"""
"1"," ""102S6ea5a"""
"1"," ""102S6ea5a"""
"1"," ""102S6ea5a"""
"1","
"
"1"," [667]"
"1"," ""102S6ea5a"""
"1"," ""102S6ea5a"""
"1"," ""102S6ea5a"""
"1"," ""102S6ea5a"""
"1"," ""102S6ea5a"""
"1"," ""102S6ea5a"""
"1","
"
"1"," [673]"
"1"," ""102S6ea5a"""
"1"," ""102S6ea5a"""
"1"," ""102S6ea5a"""
"1"," ""102S6ea5a"""
"1"," ""102S6ea5a"""
"1"," ""102S6ea5a"""
"1","
"
"1"," [679]"
"1"," ""102S6ea5a"""
"1"," ""102S6ea5a"""
"1"," ""102S6ea5a"""
"1"," ""102S6ea5a"""
"1"," ""102S6ea5a"""
"1"," ""102S6ea5a"""
"1","
"
"1"," [685]"
"1"," ""102S6ea5a"""
"1"," ""102S6ea5a"""
"1"," ""102S6ea5a"""
"1"," ""102S6ea5a"""
"1"," ""e03S6a6ed"""
"1"," ""e03S6a6ed"""
"1","
"
"1"," [691]"
"1"," ""e03S6a6ed"""
"1"," ""e03S6a6ed"""
"1"," ""e03S6a6ed"""
"1"," ""e03S6a6ed"""
"1"," ""e03S6a6ed"""
"1"," ""e03S6a6ed"""
"1","
"
"1"," [697]"
"1"," ""e03S6a6ed"""
"1"," ""e03S6a6ed"""
"1"," ""e03S6a6ed"""
"1"," ""e03S6a6ed"""
"1"," ""e03S6a6ed"""
"1"," ""e03S6a6ed"""
"1","
"
"1"," [703]"
"1"," ""e03S6a6ed"""
"1"," ""e03S6a6ed"""
"1"," ""e03S6a6ed"""
"1"," ""e03S6a6ed"""
"1"," ""e03S6a6ed"""
"1"," ""e03S6a6ed"""
"1","
"
"1"," [709]"
"1"," ""e03S6a6ed"""
"1"," ""e03S6a6ed"""
"1"," ""e03S6a6ed"""
"1"," ""e03S6a6ed"""
"1"," ""e03S6a6ed"""
"1"," ""e03S6a6ed"""
"1","
"
"1"," [715]"
"1"," ""e03S6a6ed"""
"1"," ""e03S6a6ed"""
"1"," ""e03S6a6ed"""
"1"," ""e03S6a6ed"""
"1"," ""e03S6a6ed"""
"1"," ""e03S6a6ed"""
"1","
"
"1"," [721]"
"1"," ""e03S6a6ed"""
"1"," ""e03S6a6ed"""
"1"," ""e03S6a6ed"""
"1"," ""e03S6a6ed"""
"1"," ""e03S6a6ed"""
"1"," ""e03S6a6ed"""
"1","
"
"1"," [727]"
"1"," ""e03S6a6ed"""
"1"," ""e03S6a6ed"""
"1"," ""e03S6a6ed"""
"1"," ""e03S6a6ed"""
"1"," ""e03S6a6ed"""
"1"," ""e03S6a6ed"""
"1","
"
"1"," [733]"
"1"," ""e03S6a6ed"""
"1"," ""e03S6a6ed"""
"1"," ""e03S6a6ed"""
"1"," ""e03S6a6ed"""
"1"," ""e03S6a6ed"""
"1"," ""e03S6a6ed"""
"1","
"
"1"," [739]"
"1"," ""e03S6a6ed"""
"1"," ""e03S6a6ed"""
"1"," ""e03S6a6ed"""
"1"," ""e03S6a6ed"""
"1"," ""e03S6a6ed"""
"1"," ""e03S6a6ed"""
"1","
"
"1"," [745]"
"1"," ""e03S6a6ed"""
"1"," ""e03S6a6ed"""
"1"," ""e03S6a6ed"""
"1"," ""e03S6a6ed"""
"1"," ""e03S6a6ed"""
"1"," ""e03S6a6ed"""
"1","
"
"1"," [751]"
"1"," ""e03S6a6ed"""
"1"," ""e03S6a6ed"""
"1"," ""4c1S60104"""
"1"," ""4c1S60104"""
"1"," ""4c1S60104"""
"1"," ""4c1S60104"""
"1","
"
"1"," [757]"
"1"," ""4c1S60104"""
"1"," ""4c1S60104"""
"1"," ""4c1S60104"""
"1"," ""4c1S60104"""
"1"," ""4c1S60104"""
"1"," ""4c1S60104"""
"1","
"
"1"," [763]"
"1"," ""4c1S60104"""
"1"," ""4c1S60104"""
"1"," ""4c1S60104"""
"1"," ""4c1S60104"""
"1"," ""4c1S60104"""
"1"," ""4c1S60104"""
"1","
"
"1"," [769]"
"1"," ""4c1S60104"""
"1"," ""4c1S60104"""
"1"," ""4c1S60104"""
"1"," ""4c1S60104"""
"1"," ""4c1S60104"""
"1"," ""4c1S60104"""
"1","
"
"1"," [775]"
"1"," ""4c1S60104"""
"1"," ""4c1S60104"""
"1"," ""4c1S60104"""
"1"," ""4c1S60104"""
"1"," ""4c1S60104"""
"1"," ""4c1S60104"""
"1","
"
"1"," [781]"
"1"," ""4c1S60104"""
"1"," ""4c1S60104"""
"1"," ""4c1S60104"""
"1"," ""4c1S60104"""
"1"," ""4c1S60104"""
"1"," ""4c1S60104"""
"1","
"
"1"," [787]"
"1"," ""4c1S60104"""
"1"," ""4c1S60104"""
"1"," ""4c1S60104"""
"1"," ""4c1S60104"""
"1"," ""4c1S60104"""
"1"," ""4c1S60104"""
"1","
"
"1"," [793]"
"1"," ""4c1S60104"""
"1"," ""4c1S60104"""
"1"," ""4c1S60104"""
"1"," ""4c1S60104"""
"1"," ""4c1S60104"""
"1"," ""4c1S60104"""
"1","
"
"1"," [799]"
"1"," ""4c1S60104"""
"1"," ""4c1S60104"""
"1"," ""4c1S60104"""
"1"," ""4c1S60104"""
"1"," ""4c1S60104"""
"1"," ""4c1S60104"""
"1","
"
"1"," [805]"
"1"," ""4c1S60104"""
"1"," ""4c1S60104"""
"1"," ""4c1S60104"""
"1"," ""4c1S60104"""
"1"," ""4c1S60104"""
"1"," ""4c1S60104"""
"1","
"
"1"," [811]"
"1"," ""4c1S60104"""
"1"," ""4c1S60104"""
"1"," ""4c1S60104"""
"1"," ""4c1S60104"""
"1"," ""4c1S60104"""
"1"," ""4c1S60104"""
"1","
"
"1"," [817]"
"1"," ""4c1S60104"""
"1"," ""4c1S60104"""
"1"," ""4c1S60104"""
"1"," ""4c1S60104"""
"1"," ""647S6edcf"""
"1"," ""647S6edcf"""
"1","
"
"1"," [823]"
"1"," ""647S6edcf"""
"1"," ""647S6edcf"""
"1"," ""647S6edcf"""
"1"," ""647S6edcf"""
"1"," ""647S6edcf"""
"1"," ""647S6edcf"""
"1","
"
"1"," [829]"
"1"," ""647S6edcf"""
"1"," ""647S6edcf"""
"1"," ""647S6edcf"""
"1"," ""647S6edcf"""
"1"," ""647S6edcf"""
"1"," ""647S6edcf"""
"1","
"
"1"," [835]"
"1"," ""647S6edcf"""
"1"," ""647S6edcf"""
"1"," ""647S6edcf"""
"1"," ""647S6edcf"""
"1"," ""647S6edcf"""
"1"," ""647S6edcf"""
"1","
"
"1"," [841]"
"1"," ""647S6edcf"""
"1"," ""647S6edcf"""
"1"," ""647S6edcf"""
"1"," ""647S6edcf"""
"1"," ""647S6edcf"""
"1"," ""647S6edcf"""
"1","
"
"1"," [847]"
"1"," ""647S6edcf"""
"1"," ""647S6edcf"""
"1"," ""647S6edcf"""
"1"," ""647S6edcf"""
"1"," ""647S6edcf"""
"1"," ""647S6edcf"""
"1","
"
"1"," [853]"
"1"," ""647S6edcf"""
"1"," ""647S6edcf"""
"1"," ""647S6edcf"""
"1"," ""647S6edcf"""
"1"," ""647S6edcf"""
"1"," ""647S6edcf"""
"1","
"
"1"," [859]"
"1"," ""647S6edcf"""
"1"," ""647S6edcf"""
"1"," ""647S6edcf"""
"1"," ""647S6edcf"""
"1"," ""647S6edcf"""
"1"," ""647S6edcf"""
"1","
"
"1"," [865]"
"1"," ""647S6edcf"""
"1"," ""647S6edcf"""
"1"," ""647S6edcf"""
"1"," ""647S6edcf"""
"1"," ""647S6edcf"""
"1"," ""647S6edcf"""
"1","
"
"1"," [871]"
"1"," ""647S6edcf"""
"1"," ""647S6edcf"""
"1"," ""647S6edcf"""
"1"," ""647S6edcf"""
"1"," ""647S6edcf"""
"1"," ""647S6edcf"""
"1","
"
"1"," [877]"
"1"," ""647S6edcf"""
"1"," ""647S6edcf"""
"1"," ""647S6edcf"""
"1"," ""647S6edcf"""
"1"," ""647S6edcf"""
"1"," ""647S6edcf"""
"1","
"
"1"," [883]"
"1"," ""647S6edcf"""
"1"," ""647S6edcf"""
"1"," ""647S6edcf"""
"1"," ""647S6edcf"""
"1"," ""647S6edcf"""
"1"," ""647S6edcf"""
"1","
"
"1"," [889]"
"1"," ""647S6edcf"""
"1"," ""647S6edcf"""
"1"," ""647S6edcf"""
"1"," ""647S6edcf"""
"1"," ""647S6edcf"""
"1"," ""647S6edcf"""
"1","
"
"1"," [895]"
"1"," ""647S6edcf"""
"1"," ""647S6edcf"""
"1"," ""647S6edcf"""
"1"," ""647S6edcf"""
"1"," ""647S6edcf"""
"1"," ""680S6aa3f"""
"1","
"
"1"," [901]"
"1"," ""680S6aa3f"""
"1"," ""680S6aa3f"""
"1"," ""680S6aa3f"""
"1"," ""680S6aa3f"""
"1"," ""680S6aa3f"""
"1"," ""680S6aa3f"""
"1","
"
"1"," [907]"
"1"," ""680S6aa3f"""
"1"," ""680S6aa3f"""
"1"," ""680S6aa3f"""
"1"," ""680S6aa3f"""
"1"," ""680S6aa3f"""
"1"," ""680S6aa3f"""
"1","
"
"1"," [913]"
"1"," ""680S6aa3f"""
"1"," ""680S6aa3f"""
"1"," ""680S6aa3f"""
"1"," ""680S6aa3f"""
"1"," ""680S6aa3f"""
"1"," ""680S6aa3f"""
"1","
"
"1"," [919]"
"1"," ""680S6aa3f"""
"1"," ""680S6aa3f"""
"1"," ""680S6aa3f"""
"1"," ""680S6aa3f"""
"1"," ""680S6aa3f"""
"1"," ""680S6aa3f"""
"1","
"
"1"," [925]"
"1"," ""680S6aa3f"""
"1"," ""680S6aa3f"""
"1"," ""680S6aa3f"""
"1"," ""680S6aa3f"""
"1"," ""680S6aa3f"""
"1"," ""680S6aa3f"""
"1","
"
"1"," [931]"
"1"," ""680S6aa3f"""
"1"," ""680S6aa3f"""
"1"," ""680S6aa3f"""
"1"," ""680S6aa3f"""
"1"," ""680S6aa3f"""
"1"," ""680S6aa3f"""
"1","
"
"1"," [937]"
"1"," ""680S6aa3f"""
"1"," ""680S6aa3f"""
"1"," ""680S6aa3f"""
"1"," ""680S6aa3f"""
"1"," ""680S6aa3f"""
"1"," ""680S6aa3f"""
"1","
"
"1"," [943]"
"1"," ""680S6aa3f"""
"1"," ""680S6aa3f"""
"1"," ""680S6aa3f"""
"1"," ""680S6aa3f"""
"1"," ""680S6aa3f"""
"1"," ""680S6aa3f"""
"1","
"
"1"," [949]"
"1"," ""680S6aa3f"""
"1"," ""680S6aa3f"""
"1"," ""680S6aa3f"""
"1"," ""680S6aa3f"""
"1"," ""680S6aa3f"""
"1"," ""680S6aa3f"""
"1","
"
"1"," [955]"
"1"," ""680S6aa3f"""
"1"," ""680S6aa3f"""
"1"," ""680S6aa3f"""
"1"," ""680S6aa3f"""
"1"," ""680S6aa3f"""
"1"," ""680S6aa3f"""
"1","
"
"1"," [961]"
"1"," ""680S6aa3f"""
"1"," ""680S6aa3f"""
"1"," ""680S6aa3f"""
"1"," ""680S6aa3f"""
"1"," ""680S6aa3f"""
"1"," ""680S6aa3f"""
"1","
"
"1"," [967]"
"1"," ""680S6aa3f"""
"1"," ""680S6aa3f"""
"1"," ""680S6aa3f"""
"1"," ""5a1S60617"""
"1"," ""5a1S60617"""
"1"," ""5a1S60617"""
"1","
"
"1"," [973]"
"1"," ""5a1S60617"""
"1"," ""5a1S60617"""
"1"," ""5a1S60617"""
"1"," ""5a1S60617"""
"1"," ""5a1S60617"""
"1"," ""5a1S60617"""
"1","
"
"1"," [979]"
"1"," ""5a1S60617"""
"1"," ""5a1S60617"""
"1"," ""5a1S60617"""
"1"," ""5a1S60617"""
"1"," ""5a1S60617"""
"1"," ""5a1S60617"""
"1","
"
"1"," [985]"
"1"," ""5a1S60617"""
"1"," ""5a1S60617"""
"1"," ""5a1S60617"""
"1"," ""5a1S60617"""
"1"," ""5a1S60617"""
"1"," ""5a1S60617"""
"1","
"
"1"," [991]"
"1"," ""5a1S60617"""
"1"," ""5a1S60617"""
"1"," ""5a1S60617"""
"1"," ""5a1S60617"""
"1"," ""5a1S60617"""
"1"," ""5a1S60617"""
"1","
"
"1"," [997]"
"1"," ""5a1S60617"""
"1"," ""5a1S60617"""
"1"," ""5a1S60617"""
"1"," ""5a1S60617"""
"1","
"
"1"," [ reached getOption(""max.print"") -- omitted 15926 entries ]
"
"1","
"
"1","$學分數
"
"1","   [1]"
"1"," 2"
"1"," 3"
"1"," 0"
"1"," 3"
"1"," 3"
"1"," 2"
"1"," 4"
"1"," 2"
"1"," 1"
"1"," 0"
"1"," 2"
"1"," 3"
"1"," 0"
"1"," 3"
"1"," 3"
"1"," 2"
"1"," 3"
"1"," 4"
"1"," 2"
"1"," 1"
"1"," 0"
"1"," 3"
"1"," 2"
"1"," 3"
"1"," 2"
"1"," 3"
"1"," 3"
"1"," 3"
"1"," 2"
"1"," 0"
"1"," 3"
"1"," 3"
"1"," 3"
"1"," 2"
"1"," 2"
"1"," 2"
"1"," 3"
"1"," 3"
"1"," 2"
"1"," 0"
"1","
"
"1","  [41]"
"1"," 2"
"1"," 2"
"1"," 2"
"1"," 3"
"1"," 2"
"1"," 2"
"1"," 3"
"1"," 3"
"1"," 2"
"1"," 2"
"1"," 2"
"1"," 2"
"1"," 2"
"1"," 2"
"1"," 2"
"1"," 2"
"1"," 3"
"1"," 2"
"1"," 3"
"1"," 2"
"1"," 2"
"1"," 3"
"1"," 3"
"1"," 3"
"1"," 2"
"1"," 3"
"1"," 2"
"1"," 3"
"1"," 3"
"1"," 3"
"1"," 2"
"1"," 0"
"1"," 4"
"1"," 2"
"1"," 1"
"1"," 0"
"1"," 2"
"1"," 3"
"1"," 3"
"1"," 3"
"1","
"
"1","  [81]"
"1"," 2"
"1"," 0"
"1"," 4"
"1"," 2"
"1"," 1"
"1"," 0"
"1"," 2"
"1"," 2"
"1"," 3"
"1"," 2"
"1"," 2"
"1"," 3"
"1"," 3"
"1"," 3"
"1"," 2"
"1"," 0"
"1"," 2"
"1"," 3"
"1"," 2"
"1"," 2"
"1"," 2"
"1"," 3"
"1"," 3"
"1"," 3"
"1"," 2"
"1"," 0"
"1"," 2"
"1"," 2"
"1"," 2"
"1"," 2"
"1"," 2"
"1"," 2"
"1"," 2"
"1"," 3"
"1"," 2"
"1"," 2"
"1"," 3"
"1"," 2"
"1"," 2"
"1"," 2"
"1","
"
"1"," [121]"
"1"," 2"
"1"," 2"
"1"," 2"
"1"," 2"
"1"," 2"
"1"," 3"
"1"," 2"
"1"," 3"
"1"," 2"
"1"," 2"
"1"," 2"
"1"," 2"
"1"," 2"
"1"," 2"
"1"," 3"
"1"," 2"
"1"," 2"
"1"," 3"
"1"," 3"
"1"," 3"
"1"," 2"
"1"," 0"
"1"," 4"
"1"," 2"
"1"," 1"
"1"," 0"
"1"," 2"
"1"," 3"
"1"," 3"
"1"," 3"
"1"," 2"
"1"," 0"
"1"," 3"
"1"," 4"
"1"," 2"
"1"," 1"
"1"," 0"
"1"," 3"
"1"," 2"
"1"," 2"
"1","
"
"1"," [161]"
"1"," 2"
"1"," 3"
"1"," 3"
"1"," 3"
"1"," 2"
"1"," 0"
"1"," 2"
"1"," 3"
"1"," 2"
"1"," 2"
"1"," 2"
"1"," 3"
"1"," 3"
"1"," 2"
"1"," 0"
"1"," 2"
"1"," 2"
"1"," 3"
"1"," 2"
"1"," 2"
"1"," 2"
"1"," 2"
"1"," 3"
"1"," 2"
"1"," 3"
"1"," 3"
"1"," 2"
"1"," 2"
"1"," 2"
"1"," 3"
"1"," 2"
"1"," 2"
"1"," 2"
"1"," 2"
"1"," 3"
"1"," 2"
"1"," 3"
"1"," 2"
"1"," 3"
"1"," 3"
"1","
"
"1"," [201]"
"1"," 3"
"1"," 2"
"1"," 2"
"1"," 3"
"1"," 0"
"1"," 3"
"1"," 3"
"1"," 2"
"1"," 4"
"1"," 2"
"1"," 1"
"1"," 0"
"1"," 3"
"1"," 0"
"1"," 3"
"1"," 3"
"1"," 2"
"1"," 3"
"1"," 4"
"1"," 2"
"1"," 1"
"1"," 0"
"1"," 4"
"1"," 3"
"1"," 2"
"1"," 2"
"1"," 2"
"1"," 2"
"1"," 3"
"1"," 3"
"1"," 3"
"1"," 0"
"1"," 4"
"1"," 3"
"1"," 2"
"1"," 2"
"1"," 2"
"1"," 3"
"1"," 3"
"1"," 3"
"1","
"
"1"," [241]"
"1"," 0"
"1"," 2"
"1"," 2"
"1"," 2"
"1"," 3"
"1"," 2"
"1"," 2"
"1"," 3"
"1"," 3"
"1"," 2"
"1"," 2"
"1"," 3"
"1"," 3"
"1"," 2"
"1"," 2"
"1"," 3"
"1"," 2"
"1"," 2"
"1"," 3"
"1"," 2"
"1"," 2"
"1"," 3"
"1"," 3"
"1"," 2"
"1"," 3"
"1"," 2"
"1"," 2"
"1"," 3"
"1"," 2"
"1"," 3"
"1"," 2"
"1"," 2"
"1"," 2"
"1"," 3"
"1"," 3"
"1"," 2"
"1"," 2"
"1"," 3"
"1"," 3"
"1"," 3"
"1","
"
"1"," [281]"
"1"," 2"
"1"," 0"
"1"," 3"
"1"," 4"
"1"," 2"
"1"," 1"
"1"," 0"
"1"," 3"
"1"," 3"
"1"," 3"
"1"," 2"
"1"," 0"
"1"," 4"
"1"," 2"
"1"," 1"
"1"," 0"
"1"," 2"
"1"," 3"
"1"," 3"
"1"," 2"
"1"," 2"
"1"," 2"
"1"," 2"
"1"," 3"
"1"," 3"
"1"," 0"
"1"," 2"
"1"," 3"
"1"," 3"
"1"," 2"
"1"," 2"
"1"," 2"
"1"," 4"
"1"," 3"
"1"," 3"
"1"," 0"
"1"," 2"
"1"," 3"
"1"," 0"
"1"," 3"
"1","
"
"1"," [321]"
"1"," 3"
"1"," 2"
"1"," 4"
"1"," 2"
"1"," 1"
"1"," 0"
"1"," 2"
"1"," 3"
"1"," 0"
"1"," 3"
"1"," 3"
"1"," 2"
"1"," 3"
"1"," 4"
"1"," 2"
"1"," 1"
"1"," 0"
"1"," 4"
"1"," 3"
"1"," 3"
"1"," 2"
"1"," 3"
"1"," 3"
"1"," 3"
"1"," 2"
"1"," 0"
"1"," 4"
"1"," 3"
"1"," 2"
"1"," 3"
"1"," 3"
"1"," 3"
"1"," 2"
"1"," 0"
"1"," 2"
"1"," 2"
"1"," 2"
"1"," 3"
"1"," 3"
"1"," 2"
"1","
"
"1"," [361]"
"1"," 3"
"1"," 2"
"1"," 2"
"1"," 3"
"1"," 3"
"1"," 2"
"1"," 3"
"1"," 3"
"1"," 3"
"1"," 2"
"1"," 3"
"1"," 2"
"1"," 2"
"1"," 3"
"1"," 2"
"1"," 2"
"1"," 2"
"1"," 2"
"1"," 3"
"1"," 2"
"1"," 3"
"1"," 3"
"1"," 2"
"1"," 2"
"1"," 2"
"1"," 2"
"1"," 3"
"1"," 3"
"1"," 2"
"1"," 3"
"1"," 3"
"1"," 2"
"1"," 2"
"1"," 2"
"1"," 3"
"1"," 0"
"1"," 3"
"1"," 3"
"1"," 2"
"1"," 4"
"1","
"
"1"," [401]"
"1"," 2"
"1"," 1"
"1"," 0"
"1"," 2"
"1"," 3"
"1"," 0"
"1"," 3"
"1"," 3"
"1"," 2"
"1"," 4"
"1"," 2"
"1"," 1"
"1"," 0"
"1"," 2"
"1"," 3"
"1"," 3"
"1"," 2"
"1"," 2"
"1"," 2"
"1"," 2"
"1"," 3"
"1"," 3"
"1"," 2"
"1"," 0"
"1"," 2"
"1"," 3"
"1"," 2"
"1"," 2"
"1"," 2"
"1"," 3"
"1"," 3"
"1"," 3"
"1"," 0"
"1"," 2"
"1"," 2"
"1"," 2"
"1"," 2"
"1"," 3"
"1"," 3"
"1"," 3"
"1","
"
"1"," [441]"
"1"," 2"
"1"," 3"
"1"," 1"
"1"," 2"
"1"," 2"
"1"," 2"
"1"," 2"
"1"," 3"
"1"," 2"
"1"," 2"
"1"," 3"
"1"," 2"
"1"," 1"
"1"," 2"
"1"," 2"
"1"," 3"
"1"," 2"
"1"," 2"
"1"," 3"
"1"," 3"
"1"," 3"
"1"," 2"
"1"," 2"
"1"," 3"
"1"," 3"
"1"," 3"
"1"," 2"
"1"," 0"
"1"," 4"
"1"," 2"
"1"," 1"
"1"," 0"
"1"," 2"
"1"," 3"
"1"," 3"
"1"," 3"
"1"," 2"
"1"," 0"
"1"," 3"
"1"," 4"
"1","
"
"1"," [481]"
"1"," 2"
"1"," 1"
"1"," 0"
"1"," 2"
"1"," 3"
"1"," 3"
"1"," 2"
"1"," 0"
"1"," 4"
"1"," 2"
"1"," 0"
"1"," 3"
"1"," 2"
"1"," 3"
"1"," 2"
"1"," 3"
"1"," 2"
"1"," 3"
"1"," 3"
"1"," 2"
"1"," 2"
"1"," 0"
"1"," 3"
"1"," 2"
"1"," 2"
"1"," 3"
"1"," 2"
"1"," 3"
"1"," 3"
"1"," 2"
"1"," 0"
"1"," 2"
"1"," 2"
"1"," 2"
"1"," 2"
"1"," 2"
"1"," 3"
"1"," 3"
"1"," 2"
"1"," 3"
"1","
"
"1"," [521]"
"1"," 2"
"1"," 2"
"1"," 2"
"1"," 2"
"1"," 2"
"1"," 2"
"1"," 2"
"1"," 3"
"1"," 3"
"1"," 3"
"1"," 2"
"1"," 3"
"1"," 1"
"1"," 3"
"1"," 3"
"1"," 0"
"1"," 2"
"1"," 1"
"1"," 2"
"1"," 3"
"1"," 2"
"1"," 0"
"1"," 2"
"1"," 3"
"1"," 3"
"1"," 3"
"1"," 2"
"1"," 0"
"1"," 4"
"1"," 2"
"1"," 1"
"1"," 0"
"1"," 2"
"1"," 3"
"1"," 3"
"1"," 3"
"1"," 2"
"1"," 0"
"1"," 4"
"1"," 2"
"1","
"
"1"," [561]"
"1"," 1"
"1"," 0"
"1"," 3"
"1"," 3"
"1"," 3"
"1"," 2"
"1"," 2"
"1"," 2"
"1"," 3"
"1"," 3"
"1"," 3"
"1"," 3"
"1"," 0"
"1"," 3"
"1"," 3"
"1"," 2"
"1"," 2"
"1"," 2"
"1"," 3"
"1"," 3"
"1"," 3"
"1"," 3"
"1"," 0"
"1"," 2"
"1"," 2"
"1"," 2"
"1"," 2"
"1"," 2"
"1"," 2"
"1"," 3"
"1"," 2"
"1"," 3"
"1"," 3"
"1"," 2"
"1"," 3"
"1"," 2"
"1"," 2"
"1"," 2"
"1"," 2"
"1"," 2"
"1","
"
"1"," [601]"
"1"," 2"
"1"," 2"
"1"," 3"
"1"," 2"
"1"," 2"
"1"," 3"
"1"," 2"
"1"," 2"
"1"," 2"
"1"," 3"
"1"," 2"
"1"," 2"
"1"," 2"
"1"," 2"
"1"," 3"
"1"," 2"
"1"," 3"
"1"," 3"
"1"," 3"
"1"," 2"
"1"," 0"
"1"," 3"
"1"," 4"
"1"," 2"
"1"," 1"
"1"," 0"
"1"," 2"
"1"," 3"
"1"," 3"
"1"," 3"
"1"," 2"
"1"," 0"
"1"," 4"
"1"," 2"
"1"," 1"
"1"," 0"
"1"," 3"
"1"," 3"
"1"," 3"
"1"," 2"
"1","
"
"1"," [641]"
"1"," 3"
"1"," 3"
"1"," 2"
"1"," 2"
"1"," 3"
"1"," 0"
"1"," 3"
"1"," 2"
"1"," 3"
"1"," 2"
"1"," 2"
"1"," 2"
"1"," 3"
"1"," 2"
"1"," 3"
"1"," 2"
"1"," 0"
"1"," 2"
"1"," 2"
"1"," 2"
"1"," 2"
"1"," 2"
"1"," 2"
"1"," 3"
"1"," 2"
"1"," 2"
"1"," 3"
"1"," 3"
"1"," 2"
"1"," 2"
"1"," 2"
"1"," 2"
"1"," 2"
"1"," 2"
"1"," 2"
"1"," 2"
"1"," 2"
"1"," 2"
"1"," 3"
"1"," 3"
"1","
"
"1"," [681]"
"1"," 2"
"1"," 3"
"1"," 0"
"1"," 3"
"1"," 3"
"1"," 2"
"1"," 3"
"1"," 2"
"1"," 2"
"1"," 3"
"1"," 0"
"1"," 3"
"1"," 3"
"1"," 4"
"1"," 2"
"1"," 1"
"1"," 0"
"1"," 2"
"1"," 3"
"1"," 0"
"1"," 3"
"1"," 3"
"1"," 3"
"1"," 4"
"1"," 2"
"1"," 1"
"1"," 0"
"1"," 3"
"1"," 2"
"1"," 3"
"1"," 2"
"1"," 2"
"1"," 3"
"1"," 3"
"1"," 3"
"1"," 2"
"1"," 0"
"1"," 3"
"1"," 3"
"1"," 2"
"1","
"
"1"," [721]"
"1"," 2"
"1"," 2"
"1"," 3"
"1"," 3"
"1"," 2"
"1"," 0"
"1"," 2"
"1"," 2"
"1"," 3"
"1"," 3"
"1"," 2"
"1"," 2"
"1"," 2"
"1"," 2"
"1"," 2"
"1"," 2"
"1"," 2"
"1"," 3"
"1"," 3"
"1"," 2"
"1"," 2"
"1"," 2"
"1"," 2"
"1"," 2"
"1"," 2"
"1"," 3"
"1"," 3"
"1"," 3"
"1"," 3"
"1"," 2"
"1"," 3"
"1"," 3"
"1"," 2"
"1"," 3"
"1"," 0"
"1"," 3"
"1"," 3"
"1"," 2"
"1"," 3"
"1"," 4"
"1","
"
"1"," [761]"
"1"," 2"
"1"," 1"
"1"," 0"
"1"," 2"
"1"," 3"
"1"," 0"
"1"," 3"
"1"," 3"
"1"," 2"
"1"," 2"
"1"," 4"
"1"," 2"
"1"," 1"
"1"," 0"
"1"," 3"
"1"," 2"
"1"," 2"
"1"," 3"
"1"," 3"
"1"," 3"
"1"," 3"
"1"," 0"
"1"," 3"
"1"," 3"
"1"," 3"
"1"," 3"
"1"," 3"
"1"," 3"
"1"," 3"
"1"," 0"
"1"," 2"
"1"," 2"
"1"," 2"
"1"," 2"
"1"," 2"
"1"," 2"
"1"," 2"
"1"," 2"
"1"," 3"
"1"," 2"
"1","
"
"1"," [801]"
"1"," 3"
"1"," 2"
"1"," 2"
"1"," 2"
"1"," 2"
"1"," 2"
"1"," 2"
"1"," 2"
"1"," 2"
"1"," 3"
"1"," 2"
"1"," 3"
"1"," 2"
"1"," 2"
"1"," 2"
"1"," 2"
"1"," 2"
"1"," 2"
"1"," 2"
"1"," 2"
"1"," 3"
"1"," 3"
"1"," 3"
"1"," 2"
"1"," 0"
"1"," 4"
"1"," 2"
"1"," 1"
"1"," 0"
"1"," 3"
"1"," 3"
"1"," 3"
"1"," 2"
"1"," 0"
"1"," 3"
"1"," 4"
"1"," 1"
"1"," 0"
"1"," 2"
"1"," 2"
"1","
"
"1"," [841]"
"1"," 3"
"1"," 2"
"1"," 2"
"1"," 2"
"1"," 2"
"1"," 3"
"1"," 3"
"1"," 2"
"1"," 0"
"1"," 2"
"1"," 3"
"1"," 2"
"1"," 3"
"1"," 2"
"1"," 2"
"1"," 3"
"1"," 3"
"1"," 2"
"1"," 3"
"1"," 0"
"1"," 2"
"1"," 2"
"1"," 2"
"1"," 2"
"1"," 2"
"1"," 2"
"1"," 2"
"1"," 2"
"1"," 3"
"1"," 2"
"1"," 3"
"1"," 2"
"1"," 2"
"1"," 2"
"1"," 2"
"1"," 2"
"1"," 2"
"1"," 3"
"1"," 2"
"1"," 2"
"1","
"
"1"," [881]"
"1"," 3"
"1"," 3"
"1"," 2"
"1"," 2"
"1"," 3"
"1"," 2"
"1"," 2"
"1"," 2"
"1"," 2"
"1"," 2"
"1"," 2"
"1"," 2"
"1"," 2"
"1"," 2"
"1"," 2"
"1"," 3"
"1"," 3"
"1"," 3"
"1"," 2"
"1"," 2"
"1"," 3"
"1"," 0"
"1"," 3"
"1"," 3"
"1"," 2"
"1"," 3"
"1"," 4"
"1"," 2"
"1"," 1"
"1"," 0"
"1"," 2"
"1"," 3"
"1"," 0"
"1"," 3"
"1"," 3"
"1"," 2"
"1"," 4"
"1"," 2"
"1"," 1"
"1"," 0"
"1","
"
"1"," [921]"
"1"," 3"
"1"," 2"
"1"," 3"
"1"," 2"
"1"," 2"
"1"," 3"
"1"," 3"
"1"," 3"
"1"," 2"
"1"," 0"
"1"," 3"
"1"," 2"
"1"," 3"
"1"," 2"
"1"," 2"
"1"," 3"
"1"," 3"
"1"," 2"
"1"," 2"
"1"," 0"
"1"," 2"
"1"," 2"
"1"," 2"
"1"," 3"
"1"," 2"
"1"," 2"
"1"," 2"
"1"," 2"
"1"," 2"
"1"," 2"
"1"," 3"
"1"," 3"
"1"," 2"
"1"," 2"
"1"," 2"
"1"," 2"
"1"," 2"
"1"," 2"
"1"," 2"
"1"," 3"
"1","
"
"1"," [961]"
"1"," 3"
"1"," 3"
"1"," 2"
"1"," 2"
"1"," 2"
"1"," 3"
"1"," 2"
"1"," 2"
"1"," 2"
"1"," 2"
"1"," 3"
"1"," 3"
"1"," 3"
"1"," 3"
"1"," 2"
"1"," 0"
"1"," 4"
"1"," 2"
"1"," 1"
"1"," 0"
"1"," 2"
"1"," 3"
"1"," 3"
"1"," 3"
"1"," 2"
"1"," 0"
"1"," 3"
"1"," 4"
"1"," 2"
"1"," 1"
"1"," 0"
"1"," 3"
"1"," 2"
"1"," 2"
"1"," 2"
"1"," 2"
"1"," 3"
"1"," 3"
"1"," 2"
"1"," 0"
"1","
"
"1"," [ reached getOption(""max.print"") -- omitted 15926 entries ]
"
"1","
"
"1","$`必選修類別（必∕選∕通）`
"
"1","   [1]"
"1"," ""選"""
"1"," ""必"""
"1"," ""必"""
"1"," ""必"""
"1"," ""必"""
"1"," ""必"""
"1"," ""必"""
"1"," ""必"""
"1"," ""必"""
"1"," ""必"""
"1"," ""選"""
"1"," ""必"""
"1"," ""必"""
"1"," ""必"""
"1"," ""必"""
"1"," ""必"""
"1","
"
"1","  [17]"
"1"," ""選"""
"1"," ""必"""
"1"," ""必"""
"1"," ""必"""
"1"," ""必"""
"1"," ""選"""
"1"," ""通"""
"1"," ""必"""
"1"," ""選"""
"1"," ""必"""
"1"," ""必"""
"1"," ""必"""
"1"," ""選"""
"1"," ""必"""
"1"," ""選"""
"1"," ""必"""
"1","
"
"1","  [33]"
"1"," ""選"""
"1"," ""選"""
"1"," ""選"""
"1"," ""通"""
"1"," ""必"""
"1"," ""必"""
"1"," ""選"""
"1"," ""必"""
"1"," ""必"""
"1"," ""選"""
"1"," ""必"""
"1"," ""選"""
"1"," ""通"""
"1"," ""必"""
"1"," ""選"""
"1"," ""選"""
"1","
"
"1","  [49]"
"1"," ""必"""
"1"," ""必"""
"1"," ""選"""
"1"," ""必"""
"1"," ""選"""
"1"," ""通"""
"1"," ""必"""
"1"," ""通"""
"1"," ""選"""
"1"," ""必"""
"1"," ""選"""
"1"," ""通"""
"1"," ""通"""
"1"," ""選"""
"1"," ""選"""
"1"," ""必"""
"1","
"
"1","  [65]"
"1"," ""通"""
"1"," ""選"""
"1"," ""選"""
"1"," ""必"""
"1"," ""必"""
"1"," ""必"""
"1"," ""必"""
"1"," ""必"""
"1"," ""必"""
"1"," ""必"""
"1"," ""必"""
"1"," ""必"""
"1"," ""選"""
"1"," ""必"""
"1"," ""必"""
"1"," ""必"""
"1","
"
"1","  [81]"
"1"," ""必"""
"1"," ""必"""
"1"," ""必"""
"1"," ""必"""
"1"," ""必"""
"1"," ""必"""
"1"," ""通"""
"1"," ""選"""
"1"," ""必"""
"1"," ""選"""
"1"," ""通"""
"1"," ""必"""
"1"," ""選"""
"1"," ""必"""
"1"," ""選"""
"1"," ""必"""
"1","
"
"1","  [97]"
"1"," ""選"""
"1"," ""必"""
"1"," ""通"""
"1"," ""選"""
"1"," ""通"""
"1"," ""必"""
"1"," ""選"""
"1"," ""必"""
"1"," ""選"""
"1"," ""必"""
"1"," ""必"""
"1"," ""選"""
"1"," ""必"""
"1"," ""選"""
"1"," ""通"""
"1"," ""選"""
"1","
"
"1"," [113]"
"1"," ""必"""
"1"," ""選"""
"1"," ""必"""
"1"," ""選"""
"1"," ""選"""
"1"," ""必"""
"1"," ""必"""
"1"," ""選"""
"1"," ""通"""
"1"," ""選"""
"1"," ""必"""
"1"," ""必"""
"1"," ""選"""
"1"," ""必"""
"1"," ""選"""
"1"," ""選"""
"1","
"
"1"," [129]"
"1"," ""必"""
"1"," ""選"""
"1"," ""選"""
"1"," ""選"""
"1"," ""選"""
"1"," ""選"""
"1"," ""選"""
"1"," ""必"""
"1"," ""選"""
"1"," ""必"""
"1"," ""必"""
"1"," ""必"""
"1"," ""必"""
"1"," ""必"""
"1"," ""必"""
"1"," ""必"""
"1","
"
"1"," [145]"
"1"," ""必"""
"1"," ""必"""
"1"," ""選"""
"1"," ""必"""
"1"," ""必"""
"1"," ""必"""
"1"," ""必"""
"1"," ""必"""
"1"," ""選"""
"1"," ""必"""
"1"," ""必"""
"1"," ""必"""
"1"," ""必"""
"1"," ""必"""
"1"," ""通"""
"1"," ""選"""
"1","
"
"1"," [161]"
"1"," ""選"""
"1"," ""必"""
"1"," ""必"""
"1"," ""必"""
"1"," ""選"""
"1"," ""必"""
"1"," ""通"""
"1"," ""必"""
"1"," ""通"""
"1"," ""選"""
"1"," ""選"""
"1"," ""必"""
"1"," ""必"""
"1"," ""選"""
"1"," ""必"""
"1"," ""必"""
"1","
"
"1"," [177]"
"1"," ""必"""
"1"," ""必"""
"1"," ""通"""
"1"," ""選"""
"1"," ""必"""
"1"," ""選"""
"1"," ""選"""
"1"," ""必"""
"1"," ""選"""
"1"," ""選"""
"1"," ""必"""
"1"," ""必"""
"1"," ""選"""
"1"," ""必"""
"1"," ""通"""
"1"," ""選"""
"1","
"
"1"," [193]"
"1"," ""必"""
"1"," ""必"""
"1"," ""選"""
"1"," ""選"""
"1"," ""必"""
"1"," ""通"""
"1"," ""選"""
"1"," ""選"""
"1"," ""選"""
"1"," ""選"""
"1"," ""必"""
"1"," ""必"""
"1"," ""必"""
"1"," ""必"""
"1"," ""必"""
"1"," ""必"""
"1","
"
"1"," [209]"
"1"," ""必"""
"1"," ""必"""
"1"," ""必"""
"1"," ""必"""
"1"," ""必"""
"1"," ""必"""
"1"," ""必"""
"1"," ""必"""
"1"," ""必"""
"1"," ""選"""
"1"," ""必"""
"1"," ""必"""
"1"," ""必"""
"1"," ""必"""
"1"," ""選"""
"1"," ""必"""
"1","
"
"1"," [225]"
"1"," ""選"""
"1"," ""通"""
"1"," ""選"""
"1"," ""通"""
"1"," ""必"""
"1"," ""必"""
"1"," ""必"""
"1"," ""必"""
"1"," ""選"""
"1"," ""必"""
"1"," ""選"""
"1"," ""選"""
"1"," ""通"""
"1"," ""必"""
"1"," ""必"""
"1"," ""選"""
"1","
"
"1"," [241]"
"1"," ""必"""
"1"," ""通"""
"1"," ""必"""
"1"," ""必"""
"1"," ""選"""
"1"," ""選"""
"1"," ""選"""
"1"," ""必"""
"1"," ""選"""
"1"," ""必"""
"1"," ""選"""
"1"," ""選"""
"1"," ""選"""
"1"," ""必"""
"1"," ""必"""
"1"," ""選"""
"1","
"
"1"," [257]"
"1"," ""通"""
"1"," ""選"""
"1"," ""必"""
"1"," ""必"""
"1"," ""選"""
"1"," ""選"""
"1"," ""必"""
"1"," ""選"""
"1"," ""選"""
"1"," ""通"""
"1"," ""選"""
"1"," ""選"""
"1"," ""必"""
"1"," ""選"""
"1"," ""選"""
"1"," ""選"""
"1","
"
"1"," [273]"
"1"," ""選"""
"1"," ""選"""
"1"," ""必"""
"1"," ""必"""
"1"," ""通"""
"1"," ""必"""
"1"," ""必"""
"1"," ""必"""
"1"," ""必"""
"1"," ""必"""
"1"," ""選"""
"1"," ""必"""
"1"," ""必"""
"1"," ""必"""
"1"," ""必"""
"1"," ""必"""
"1","
"
"1"," [289]"
"1"," ""必"""
"1"," ""必"""
"1"," ""必"""
"1"," ""必"""
"1"," ""必"""
"1"," ""必"""
"1"," ""必"""
"1"," ""必"""
"1"," ""選"""
"1"," ""必"""
"1"," ""必"""
"1"," ""通"""
"1"," ""選"""
"1"," ""選"""
"1"," ""通"""
"1"," ""必"""
"1","
"
"1"," [305]"
"1"," ""選"""
"1"," ""必"""
"1"," ""選"""
"1"," ""必"""
"1"," ""選"""
"1"," ""選"""
"1"," ""通"""
"1"," ""選"""
"1"," ""必"""
"1"," ""選"""
"1"," ""選"""
"1"," ""必"""
"1"," ""選"""
"1"," ""必"""
"1"," ""必"""
"1"," ""必"""
"1","
"
"1"," [321]"
"1"," ""必"""
"1"," ""必"""
"1"," ""必"""
"1"," ""必"""
"1"," ""必"""
"1"," ""必"""
"1"," ""選"""
"1"," ""必"""
"1"," ""必"""
"1"," ""必"""
"1"," ""必"""
"1"," ""必"""
"1"," ""選"""
"1"," ""必"""
"1"," ""必"""
"1"," ""必"""
"1","
"
"1"," [337]"
"1"," ""必"""
"1"," ""選"""
"1"," ""必"""
"1"," ""選"""
"1"," ""通"""
"1"," ""必"""
"1"," ""必"""
"1"," ""必"""
"1"," ""選"""
"1"," ""必"""
"1"," ""選"""
"1"," ""必"""
"1"," ""通"""
"1"," ""必"""
"1"," ""必"""
"1"," ""選"""
"1","
"
"1"," [353]"
"1"," ""選"""
"1"," ""必"""
"1"," ""必"""
"1"," ""通"""
"1"," ""通"""
"1"," ""選"""
"1"," ""選"""
"1"," ""通"""
"1"," ""必"""
"1"," ""必"""
"1"," ""選"""
"1"," ""選"""
"1"," ""選"""
"1"," ""必"""
"1"," ""選"""
"1"," ""選"""
"1","
"
"1"," [369]"
"1"," ""選"""
"1"," ""通"""
"1"," ""必"""
"1"," ""必"""
"1"," ""選"""
"1"," ""必"""
"1"," ""必"""
"1"," ""選"""
"1"," ""選"""
"1"," ""選"""
"1"," ""選"""
"1"," ""必"""
"1"," ""選"""
"1"," ""選"""
"1"," ""必"""
"1"," ""選"""
"1","
"
"1"," [385]"
"1"," ""選"""
"1"," ""選"""
"1"," ""選"""
"1"," ""選"""
"1"," ""必"""
"1"," ""選"""
"1"," ""選"""
"1"," ""選"""
"1"," ""選"""
"1"," ""選"""
"1"," ""必"""
"1"," ""必"""
"1"," ""必"""
"1"," ""必"""
"1"," ""必"""
"1"," ""必"""
"1","
"
"1"," [401]"
"1"," ""必"""
"1"," ""必"""
"1"," ""必"""
"1"," ""選"""
"1"," ""必"""
"1"," ""必"""
"1"," ""必"""
"1"," ""必"""
"1"," ""必"""
"1"," ""必"""
"1"," ""必"""
"1"," ""必"""
"1"," ""必"""
"1"," ""通"""
"1"," ""必"""
"1"," ""必"""
"1","
"
"1"," [417]"
"1"," ""選"""
"1"," ""選"""
"1"," ""選"""
"1"," ""通"""
"1"," ""必"""
"1"," ""必"""
"1"," ""必"""
"1"," ""必"""
"1"," ""通"""
"1"," ""必"""
"1"," ""選"""
"1"," ""通"""
"1"," ""選"""
"1"," ""必"""
"1"," ""必"""
"1"," ""必"""
"1","
"
"1"," [433]"
"1"," ""必"""
"1"," ""必"""
"1"," ""選"""
"1"," ""必"""
"1"," ""必"""
"1"," ""選"""
"1"," ""選"""
"1"," ""必"""
"1"," ""必"""
"1"," ""選"""
"1"," ""選"""
"1"," ""必"""
"1"," ""通"""
"1"," ""選"""
"1"," ""必"""
"1"," ""選"""
"1","
"
"1"," [449]"
"1"," ""通"""
"1"," ""必"""
"1"," ""選"""
"1"," ""必"""
"1"," ""選"""
"1"," ""通"""
"1"," ""通"""
"1"," ""選"""
"1"," ""選"""
"1"," ""通"""
"1"," ""選"""
"1"," ""必"""
"1"," ""選"""
"1"," ""選"""
"1"," ""通"""
"1"," ""必"""
"1","
"
"1"," [465]"
"1"," ""必"""
"1"," ""必"""
"1"," ""必"""
"1"," ""必"""
"1"," ""必"""
"1"," ""必"""
"1"," ""必"""
"1"," ""必"""
"1"," ""選"""
"1"," ""必"""
"1"," ""必"""
"1"," ""必"""
"1"," ""必"""
"1"," ""必"""
"1"," ""選"""
"1"," ""必"""
"1","
"
"1"," [481]"
"1"," ""必"""
"1"," ""必"""
"1"," ""必"""
"1"," ""選"""
"1"," ""必"""
"1"," ""必"""
"1"," ""必"""
"1"," ""必"""
"1"," ""必"""
"1"," ""必"""
"1"," ""必"""
"1"," ""必"""
"1"," ""通"""
"1"," ""選"""
"1"," ""選"""
"1"," ""必"""
"1","
"
"1"," [497]"
"1"," ""選"""
"1"," ""必"""
"1"," ""必"""
"1"," ""選"""
"1"," ""選"""
"1"," ""必"""
"1"," ""必"""
"1"," ""選"""
"1"," ""選"""
"1"," ""必"""
"1"," ""選"""
"1"," ""必"""
"1"," ""必"""
"1"," ""選"""
"1"," ""必"""
"1"," ""通"""
"1","
"
"1"," [513]"
"1"," ""必"""
"1"," ""必"""
"1"," ""選"""
"1"," ""必"""
"1"," ""選"""
"1"," ""必"""
"1"," ""必"""
"1"," ""選"""
"1"," ""必"""
"1"," ""必"""
"1"," ""通"""
"1"," ""通"""
"1"," ""通"""
"1"," ""必"""
"1"," ""必"""
"1"," ""選"""
"1","
"
"1"," [529]"
"1"," ""選"""
"1"," ""必"""
"1"," ""選"""
"1"," ""選"""
"1"," ""必"""
"1"," ""選"""
"1"," ""選"""
"1"," ""必"""
"1"," ""選"""
"1"," ""必"""
"1"," ""選"""
"1"," ""選"""
"1"," ""通"""
"1"," ""必"""
"1"," ""選"""
"1"," ""必"""
"1","
"
"1"," [545]"
"1"," ""必"""
"1"," ""必"""
"1"," ""必"""
"1"," ""必"""
"1"," ""必"""
"1"," ""必"""
"1"," ""必"""
"1"," ""必"""
"1"," ""選"""
"1"," ""必"""
"1"," ""必"""
"1"," ""必"""
"1"," ""必"""
"1"," ""必"""
"1"," ""必"""
"1"," ""必"""
"1","
"
"1"," [561]"
"1"," ""必"""
"1"," ""必"""
"1"," ""選"""
"1"," ""必"""
"1"," ""必"""
"1"," ""必"""
"1"," ""通"""
"1"," ""選"""
"1"," ""必"""
"1"," ""必"""
"1"," ""必"""
"1"," ""選"""
"1"," ""必"""
"1"," ""選"""
"1"," ""必"""
"1"," ""必"""
"1","
"
"1"," [577]"
"1"," ""選"""
"1"," ""選"""
"1"," ""必"""
"1"," ""必"""
"1"," ""必"""
"1"," ""必"""
"1"," ""必"""
"1"," ""必"""
"1"," ""選"""
"1"," ""通"""
"1"," ""必"""
"1"," ""選"""
"1"," ""必"""
"1"," ""選"""
"1"," ""必"""
"1"," ""選"""
"1","
"
"1"," [593]"
"1"," ""選"""
"1"," ""必"""
"1"," ""必"""
"1"," ""必"""
"1"," ""選"""
"1"," ""通"""
"1"," ""通"""
"1"," ""選"""
"1"," ""必"""
"1"," ""必"""
"1"," ""選"""
"1"," ""選"""
"1"," ""選"""
"1"," ""通"""
"1"," ""選"""
"1"," ""通"""
"1","
"
"1"," [609]"
"1"," ""選"""
"1"," ""選"""
"1"," ""選"""
"1"," ""通"""
"1"," ""選"""
"1"," ""選"""
"1"," ""選"""
"1"," ""選"""
"1"," ""必"""
"1"," ""必"""
"1"," ""必"""
"1"," ""必"""
"1"," ""必"""
"1"," ""選"""
"1"," ""必"""
"1"," ""必"""
"1","
"
"1"," [625]"
"1"," ""必"""
"1"," ""必"""
"1"," ""選"""
"1"," ""必"""
"1"," ""必"""
"1"," ""必"""
"1"," ""必"""
"1"," ""必"""
"1"," ""必"""
"1"," ""必"""
"1"," ""必"""
"1"," ""必"""
"1"," ""選"""
"1"," ""必"""
"1"," ""選"""
"1"," ""選"""
"1","
"
"1"," [641]"
"1"," ""必"""
"1"," ""必"""
"1"," ""選"""
"1"," ""選"""
"1"," ""選"""
"1"," ""必"""
"1"," ""選"""
"1"," ""選"""
"1"," ""必"""
"1"," ""選"""
"1"," ""通"""
"1"," ""選"""
"1"," ""必"""
"1"," ""通"""
"1"," ""必"""
"1"," ""選"""
"1","
"
"1"," [657]"
"1"," ""必"""
"1"," ""通"""
"1"," ""必"""
"1"," ""必"""
"1"," ""選"""
"1"," ""選"""
"1"," ""必"""
"1"," ""選"""
"1"," ""必"""
"1"," ""選"""
"1"," ""選"""
"1"," ""選"""
"1"," ""必"""
"1"," ""必"""
"1"," ""選"""
"1"," ""通"""
"1","
"
"1"," [673]"
"1"," ""必"""
"1"," ""通"""
"1"," ""選"""
"1"," ""必"""
"1"," ""必"""
"1"," ""選"""
"1"," ""必"""
"1"," ""選"""
"1"," ""選"""
"1"," ""選"""
"1"," ""必"""
"1"," ""選"""
"1"," ""必"""
"1"," ""選"""
"1"," ""選"""
"1"," ""通"""
"1","
"
"1"," [689]"
"1"," ""選"""
"1"," ""必"""
"1"," ""必"""
"1"," ""必"""
"1"," ""必"""
"1"," ""必"""
"1"," ""必"""
"1"," ""必"""
"1"," ""必"""
"1"," ""選"""
"1"," ""必"""
"1"," ""必"""
"1"," ""必"""
"1"," ""必"""
"1"," ""選"""
"1"," ""必"""
"1","
"
"1"," [705]"
"1"," ""必"""
"1"," ""必"""
"1"," ""必"""
"1"," ""選"""
"1"," ""通"""
"1"," ""必"""
"1"," ""必"""
"1"," ""選"""
"1"," ""必"""
"1"," ""必"""
"1"," ""必"""
"1"," ""選"""
"1"," ""必"""
"1"," ""選"""
"1"," ""必"""
"1"," ""通"""
"1","
"
"1"," [721]"
"1"," ""必"""
"1"," ""選"""
"1"," ""必"""
"1"," ""必"""
"1"," ""選"""
"1"," ""必"""
"1"," ""必"""
"1"," ""必"""
"1"," ""必"""
"1"," ""選"""
"1"," ""選"""
"1"," ""必"""
"1"," ""通"""
"1"," ""必"""
"1"," ""選"""
"1"," ""必"""
"1","
"
"1"," [737]"
"1"," ""必"""
"1"," ""選"""
"1"," ""必"""
"1"," ""選"""
"1"," ""必"""
"1"," ""必"""
"1"," ""選"""
"1"," ""通"""
"1"," ""通"""
"1"," ""必"""
"1"," ""必"""
"1"," ""必"""
"1"," ""必"""
"1"," ""通"""
"1"," ""選"""
"1"," ""必"""
"1","
"
"1"," [753]"
"1"," ""選"""
"1"," ""必"""
"1"," ""必"""
"1"," ""必"""
"1"," ""必"""
"1"," ""必"""
"1"," ""選"""
"1"," ""必"""
"1"," ""必"""
"1"," ""必"""
"1"," ""必"""
"1"," ""選"""
"1"," ""必"""
"1"," ""必"""
"1"," ""必"""
"1"," ""必"""
"1","
"
"1"," [769]"
"1"," ""必"""
"1"," ""通"""
"1"," ""必"""
"1"," ""必"""
"1"," ""必"""
"1"," ""必"""
"1"," ""必"""
"1"," ""通"""
"1"," ""通"""
"1"," ""必"""
"1"," ""選"""
"1"," ""選"""
"1"," ""必"""
"1"," ""必"""
"1"," ""必"""
"1"," ""選"""
"1","
"
"1"," [785]"
"1"," ""必"""
"1"," ""選"""
"1"," ""選"""
"1"," ""必"""
"1"," ""選"""
"1"," ""必"""
"1"," ""必"""
"1"," ""選"""
"1"," ""必"""
"1"," ""選"""
"1"," ""必"""
"1"," ""必"""
"1"," ""選"""
"1"," ""選"""
"1"," ""選"""
"1"," ""通"""
"1","
"
"1"," [801]"
"1"," ""選"""
"1"," ""必"""
"1"," ""必"""
"1"," ""選"""
"1"," ""必"""
"1"," ""必"""
"1"," ""選"""
"1"," ""選"""
"1"," ""通"""
"1"," ""選"""
"1"," ""通"""
"1"," ""必"""
"1"," ""選"""
"1"," ""選"""
"1"," ""選"""
"1"," ""必"""
"1","
"
"1"," [817]"
"1"," ""選"""
"1"," ""選"""
"1"," ""通"""
"1"," ""選"""
"1"," ""必"""
"1"," ""必"""
"1"," ""必"""
"1"," ""必"""
"1"," ""必"""
"1"," ""必"""
"1"," ""必"""
"1"," ""必"""
"1"," ""必"""
"1"," ""必"""
"1"," ""必"""
"1"," ""必"""
"1","
"
"1"," [833]"
"1"," ""必"""
"1"," ""必"""
"1"," ""選"""
"1"," ""必"""
"1"," ""必"""
"1"," ""必"""
"1"," ""通"""
"1"," ""選"""
"1"," ""必"""
"1"," ""通"""
"1"," ""選"""
"1"," ""選"""
"1"," ""通"""
"1"," ""必"""
"1"," ""必"""
"1"," ""選"""
"1","
"
"1"," [849]"
"1"," ""必"""
"1"," ""選"""
"1"," ""必"""
"1"," ""通"""
"1"," ""必"""
"1"," ""選"""
"1"," ""選"""
"1"," ""必"""
"1"," ""必"""
"1"," ""選"""
"1"," ""選"""
"1"," ""必"""
"1"," ""選"""
"1"," ""通"""
"1"," ""必"""
"1"," ""必"""
"1","
"
"1"," [865]"
"1"," ""必"""
"1"," ""選"""
"1"," ""選"""
"1"," ""必"""
"1"," ""選"""
"1"," ""必"""
"1"," ""選"""
"1"," ""必"""
"1"," ""必"""
"1"," ""選"""
"1"," ""選"""
"1"," ""選"""
"1"," ""必"""
"1"," ""選"""
"1"," ""必"""
"1"," ""通"""
"1","
"
"1"," [881]"
"1"," ""必"""
"1"," ""選"""
"1"," ""必"""
"1"," ""選"""
"1"," ""選"""
"1"," ""選"""
"1"," ""選"""
"1"," ""選"""
"1"," ""通"""
"1"," ""通"""
"1"," ""必"""
"1"," ""選"""
"1"," ""選"""
"1"," ""通"""
"1"," ""選"""
"1"," ""必"""
"1","
"
"1"," [897]"
"1"," ""選"""
"1"," ""必"""
"1"," ""通"""
"1"," ""選"""
"1"," ""必"""
"1"," ""必"""
"1"," ""必"""
"1"," ""必"""
"1"," ""必"""
"1"," ""選"""
"1"," ""必"""
"1"," ""必"""
"1"," ""必"""
"1"," ""必"""
"1"," ""選"""
"1"," ""必"""
"1","
"
"1"," [913]"
"1"," ""必"""
"1"," ""必"""
"1"," ""必"""
"1"," ""必"""
"1"," ""必"""
"1"," ""必"""
"1"," ""必"""
"1"," ""必"""
"1"," ""選"""
"1"," ""通"""
"1"," ""必"""
"1"," ""選"""
"1"," ""選"""
"1"," ""必"""
"1"," ""必"""
"1"," ""必"""
"1","
"
"1"," [929]"
"1"," ""選"""
"1"," ""必"""
"1"," ""選"""
"1"," ""通"""
"1"," ""必"""
"1"," ""選"""
"1"," ""選"""
"1"," ""必"""
"1"," ""必"""
"1"," ""選"""
"1"," ""通"""
"1"," ""必"""
"1"," ""必"""
"1"," ""選"""
"1"," ""必"""
"1"," ""必"""
"1","
"
"1"," [945]"
"1"," ""選"""
"1"," ""必"""
"1"," ""通"""
"1"," ""通"""
"1"," ""必"""
"1"," ""選"""
"1"," ""選"""
"1"," ""選"""
"1"," ""必"""
"1"," ""必"""
"1"," ""通"""
"1"," ""選"""
"1"," ""必"""
"1"," ""必"""
"1"," ""選"""
"1"," ""選"""
"1","
"
"1"," [961]"
"1"," ""選"""
"1"," ""必"""
"1"," ""選"""
"1"," ""選"""
"1"," ""選"""
"1"," ""選"""
"1"," ""選"""
"1"," ""選"""
"1"," ""選"""
"1"," ""選"""
"1"," ""選"""
"1"," ""必"""
"1"," ""必"""
"1"," ""必"""
"1"," ""必"""
"1"," ""必"""
"1","
"
"1"," [977]"
"1"," ""必"""
"1"," ""必"""
"1"," ""必"""
"1"," ""必"""
"1"," ""選"""
"1"," ""必"""
"1"," ""必"""
"1"," ""必"""
"1"," ""必"""
"1"," ""必"""
"1"," ""選"""
"1"," ""必"""
"1"," ""必"""
"1"," ""必"""
"1"," ""必"""
"1"," ""必"""
"1","
"
"1"," [993]"
"1"," ""通"""
"1"," ""通"""
"1"," ""選"""
"1"," ""選"""
"1"," ""必"""
"1"," ""必"""
"1"," ""選"""
"1"," ""必"""
"1","
"
"1"," [ reached getOption(""max.print"") -- omitted 15926 entries ]
"
"1","
"
